Region,Site,CodeOriginal,Code,Name,Native,Duration,Lifeform,NeedsItsDuplicate,DuplicateNum
Chihuahuan,Creosote,ACCH,ACCH.Creosote,"Unknown ACCH, Creosote",Unknown,Unknown,Unknown,No,0
Colorado Plateau,Spiderweb,ALNI,ALNI.Spiderweb,"Unknown ALNI, Spiderweb",Unknown,Unknown,Unknown,No,0
Colorado Plateau,BarTBar,AMASPP,AMASPP.BarTBar,"Amaranthus spp., BarTBar",Native/Unknown,Unknown,Forb,No,0
Colorado Plateau,FlyingM,AMASPP,AMASPP.FlyingM,"Amaranthus spp., FlyingM",Native/Unknown,Unknown,Forb,No,0
Sonoran SE,Patagonia,ARISPP,ARISPP.Patagonia,"Aristida spp., Patagonia",Native,Unknown,Grass,No,0
Sonoran SE,SRER,ARISPP,ARISPP.SRER,"Aristida spp., SRER",Native,Unknown,Grass,No,0
Sonoran SE,SRER,Potentially 3 or 4 BOCU (1 certainty) and possibly an ARPU (2) or othe ARsp. hard to be certain because all the grasses have been grazed down to nubs,ARPUspp.SRER,"Aristida spp., SRER",Native,Unknown,Grass,No,0
Sonoran SE,SRER,Some possible ARPUs (2 certainty) or ARsp. (ARTE). Mostly dried still or grazed down.,ARPUspp.SRER,"Aristida spp., SRER",Native,Unknown,Grass,No,0
Sonoran SE,SRER,Some type of Aristida possibly and ARPU and maybe 1 small maybe BOCU near subplot that's been grazed down,ARPUspp.SRER,"Aristida spp., SRER",Native,Unknown,Grass,Yes,2
Colorado Plateau,BarTBar,ARSPP,ARSPP.BarTBar,"Artemisia spp., BarTBar",Native/Unknown,Perennial,Shrub,No,0
Chihuahuan,Creosote,ASTRAG,ASTRAG.Creosote,"Astragalus spp., Creosote",Native/Unknown,Unknown,Forb,No,0
Chihuahuan,Mesquite,ASTRAG,ASTRAG.Mesquite,"Astragalus spp., Mesquite",Native/Unknown,Unknown,Forb,No,0
Colorado Plateau,BarTBar,ATSP,ATSP.BarTBar,"Atriplex spp., BarTBar",Native/Unknown,Perennial,Shrub,No,0
Colorado Plateau,FlyingM,ATSP,ATSP.FlyingM,"Atriplex spp., FlyingM",Native/Unknown,Perennial,Shrub,No,0
Colorado Plateau,PEFO,ATSP,ATSP.PEFO,"Atriplex spp., PEFO",Native/Unknown,Perennial,Shrub,No,0
Colorado Plateau,TLE,ATSP,ATSP.TLE,"Atriplex spp., TLE",Native/Unknown,Perennial,Shrub,No,0
Colorado Plateau,FlyingM,ATSPP,ATSPP.FlyingM,"Atriplex spp., FlyingM",Native/Unknown,Perennial,Shrub,No,0
Colorado Plateau,FlyingM,AmaranthusSpp,AmaranthusSpp.FlyingM,"Amaranthus spp., FlyingM",Native/Unknown,Unknown,Forb,No,0
Sonoran SE,SRER,1 Possible PLJA (1 out of 3 on certainty) on south border as well as some BOCUs (might be BOER but probably BOCU or other BOsp.) Mostly grazed,BOCU/BOER4.SRER,"BOCUs, or might be BOER4, SRER",Native,Perennial,Grass,Yes,2
Sonoran SE,SRER,BOCUs up to this point could also possibly be slender grama BORE or purple BORA,BOCU/BORE/BORA.SRER,"Bouteloua curtipendula/repens/radicosa (spp.), SRER",Native,Perennial,Grass,No,0
Sonoran SE,SRER,BOsp. a lot of possibly BOCU but could also be BORE or BORA,BOCU/BORE/BORA.SRER,"Bouteloua curtipendula/repens/radicosa (spp.), SRER",Native,Perennial,Grass,No,0
Colorado Plateau,AguaFria,BOSPP,BOSPP.AguaFria,"local Bouteloua species (unknown), AguaFria",Native,Unknown,Grass,No,0
Colorado Plateau,BabbittPJ,BOSPP,BOSPP.BabbittPJ,"Bouteloua spp., BabbittPJ",Native,Unknown,Grass,No,0
Colorado Plateau,BarTBar,BOSPP,BOSPP.BarTBar,"local Bouteloua species (unknown), BarTBar",Native,Unknown,Grass,No,0
Colorado Plateau,FlyingM,BOSPP,BOSPP.FlyingM,"local Bouteloua species (unknown), FlyingM",Native,Unknown,Grass,No,0
Colorado Plateau,MOWE,BOSPP,BOSPP.MOWE,"local Bouteloua species (unknown), MOWE",Native,Unknown,Grass,No,0
Colorado Plateau,PEFO,BOSPP,BOSPP.PEFO,"local Bouteloua species (unknown), PEFO",Native,Unknown,Grass,No,0
Sonoran SE,SRER,"Couple of small possible BOER but no tillers, seeds, or culms yet to be certain if different Bouteloua than 0%",BOSPP.SRER,"Bouteloua spp., SRER",Native,Unknown,Grass,No,0
Sonoran SE,SRER,"Couple possible little BOCUs (no seed heads, tiller, culms to verify)",BOSPP.SRER,"Bouteloua spp., SRER",Native,Unknown,Grass,No,0
Colorado Plateau,Spiderweb,BOSPP,BOSPP.Spiderweb,"local Bouteloua species (unknown), Spiderweb",Native,Unknown,Grass,No,0
Sonoran SE,SRER,BOUSPP,BOUSPP.SRER,"Bouteloua spp., SRER",Native,Unknown,Grass,No,0
Sonoran SE,Patagonia,Possibly a BOER if not than other BOsp. possibly BOGR,BOspp.Patagonia,"Bouteloua spp., Patagonia",Native,Unknown,Grass,No,0
Sonoran SE,SRER,Possible Boutelouas not sure if BOER because they've been grazed down,BOspp.SRER,"Bouteloua spp., SRER",Native,Unknown,Grass,No,0
Sonoran SE,SRER,Possibly 3 small BOER (1 certainty) or other BOsp.,BOspp.SRER,"Bouteloua spp., SRER",Native,Unknown,Grass,No,0
Sonoran SE,SRER,"There are a couple possible small BOERs but no seed, tillers, culms, to help ID but if not BOER and a different bouteloa species than 0%",BOspp.SRER,"Bouteloua spp., SRER",Native,Unknown,Grass,No,0
Sonoran SE,SRER,Some type of Aristida possibly and ARPU and maybe 1 small maybe BOCU near subplot that's been grazed down,BOspp.SRER,"Bouteloua spp., SRER",Native,Unknown,Grass,Yes,3
Chihuahuan,Creosote,CHAMA,CHAMA.Creosote,"Chamaesyce spp., Creosote",Native,Unknown,Forb,No,0
Chihuahuan,Mesquite,CHAMA,CHAMA.Mesquite,"Chamaesyce spp., Mesquite",Native,Unknown,Forb,No,0
Mojave,29_Palms,CHASPP,CHASPP.29_Palms,"Chaenactis spp., 29_Palms",Native,Unknown,Forb,No,0
Colorado Plateau,BabbittPJ,CHEN,CHEN.BabbittPJ,"Unknown chenopod, BabbittPJ",Native/Unknown,Unknown,Forb,No,0
Colorado Plateau,MOWE,CHEN,CHEN.MOWE,"Unknown chenopod, MOWE",Native/Unknown,Unknown,Forb,No,0
Colorado Plateau,PEFO,CHEN,CHEN.PEFO,"Unknown chenopod, PEFO",Native/Unknown,Unknown,Forb,No,0
Colorado Plateau,TLE,CHEN,CHEN.TLE,"Unknown chenopod, TLE",Native/Unknown,Unknown,Forb,No,0
Colorado Plateau,Spiderweb,CLESP,CLESP.Spiderweb,"Unknown chenopod, Spiderweb",Native/Unknown,Unknown,Forb,No,0
Sonoran Central,Pleasant,CRYPT,CRYPT.Pleasant,"Cryptantha spp., Pleasant",Native,Unknown,Forb,No,0
Sonoran Central,Preserve,CRYPT,CRYPT.Preserve,"Cryptantha spp., Preserve",Native,Unknown,Forb,No,0
Sonoran Central,Roosevelt,CRYPT,CRYPT.Roosevelt,"Cryptantha spp., Roosevelt",Native,Unknown,Forb,No,0
Mojave,29_Palms,CRYSPP,CRYSPP.29_Palms,"Cryptantha spp., 29_Palms",Native,Unknown,Forb,No,0
Mojave,AVRCD,CRYSPP,CRYSPP.AVRCD,"Cryptantha spp., AVRCD",Native,Unknown,Forb,No,0
Colorado Plateau,BarTBar,CRYSPP,CRYSPP.BarTBar,"Cryptantha spp., BarTBar",Native,Unknown,Forb,No,0
Colorado Plateau,PEFO,CRYSPP,CRYSPP.PEFO,"Cryptantha spp., PEFO",Native,Unknown,Forb,No,0
Sonoran SE,SRER,CRYSPP,CRYSPP.SRER,"Cryptantha spp., SRER",Native,Unknown,Forb,No,0
Colorado Plateau,Spiderweb,DASPUL,DASPUL.Spiderweb,"Unknown DASPUL, Spiderweb",Unknown,Unknown,Unknown,No,0
Colorado Plateau,BabbittPJ,ELSP,ELSP.BabbittPJ,"Elymus spp., BabbittPJ",Native/Unknown,Unknown,Grass,No,0
Colorado Plateau,AguaFria,ELSPP,ELSPP.AguaFria,"Elymus spp., AguaFria",Native/Unknown,Unknown,Grass,No,0
Colorado Plateau,BabbittPJ,ELSPP,ELSPP.BabbittPJ,"Elymus spp., BabbittPJ",Native,Unknown,Grass,No,0
Colorado Plateau,FlyingM,ELSPP,ELSPP.FlyingM,"Elymus spp., FlyingM",Native/Unknown,Unknown,Grass,No,0
Colorado Plateau,PEFO,ELSPP,ELSPP.PEFO,"Elymus spp., PEFO",Native/Unknown,Unknown,Grass,No,0
Colorado Plateau,BabbittPJ,ELSP (seeded),ELSPse.BabbittPJ,"Seeded Elymus spp., BabbittPJ",Native,Unknown,Grass,No,0
Chihuahuan,Creosote,ERCI,ERCI.Creosote,"Eragrostis cilianensis, Creosote",Introduced,Annual,Grass,No,0
Colorado Plateau,MOWE,ERCI,ERCI.MOWE,"Eragrostis cilianensis, MOWE",Introduced,Annual,Grass,No,0
Sonoran Central,Preserve,ERCI,ERCI2.Preserve,"Eragrostis ciliaris, Preserve",Introduced,Annual,Grass,No,0
Utah,UtahPJ,ERIGSPP,ERIGSPP.UtahPJ,"Eriogonum spp., UtahPJ",Native,Unknown,Forb,No,0
Sonoran Central,Pleasant,ERIOG,ERIOG.Pleasant,"Eriogonum spp., Pleasant",Native,Unknown,Forb,No,0
Colorado Plateau,BarTBar,ERISP,ERISP.BarTBar,"Eriogonum spp., BarTBar",Native,Unknown,Forb,No,0
Colorado Plateau,PEFO,ERISP,ERISP.PEFO,"Eriogonum spp., PEFO",Native,Unknown,Forb,No,0
Colorado Plateau,BarTBar,ERISPP,ERISPP.BarTBar,"Eriogonum spp., BarTBar",Native,Unknown,Forb,No,0
Sonoran SE,Patagonia,ERISPP,ERISPP.Patagonia,"Erigeron spp., Patagonia",Native,Unknown,Forb,No,0
Mojave,AVRCD,EUPSPP,EUPSPP.AVRCD,"Euphorbia spp., AVRCD",Native/Unknown,Unknown,Forb,No,0
Chihuahuan,Creosote,Eriogonum,Eriogonum.Creosote,"Eriogonum spp., Creosote",Native,Unknown,Forb,No,0
Mojave,29_Palms,GILSPP,GILSPP.29_Palms,"Gilia spp., 29_Palms",Native,Unknown,Forb,No,0
Sonoran SE,SRER,GILSPP,GILSPP.SRER,"Gilia spp., SRER",Native,Unknown,Forb,No,0
Colorado Plateau,Spiderweb,GILSPP,GILSPP.Spiderweb,"Gilia spp., Spiderweb",Native,Unknown,Forb,No,0
Colorado Plateau,BabbittPJ,HCI,HCI.BabbittPJ,"Unknown HCI (?), BabbittPJ",Unknown,Unknown,Unknown,No,0
Colorado Plateau,BabbittPJ,HESP,HESP.BabbittPJ,"Heliomeris spp., BabbittPJ",Native,Unknown,Forb,No,0
Colorado Plateau,FlyingM,HESP,HESP.FlyingM,"Heliomeris spp., FlyingM",Native,Unknown,Forb,No,0
Mojave,29_Palms,LEPSPP,LEPSPP.29_Palms,"Lepidium spp., 29_Palms",Native/Unknown,Unknown,Forb,No,0
Sonoran Central,Pleasant,LEPISP,LEPSPP.Pleasant,"Lepidium spp., Pleasant",Native/Unknown,Unknown,Forb,No,0
Chihuahuan,Creosote,Lesquerella sp.,LESSPP.Creosote,"Lesquerella spp., Creosote",Native,Unknown,Forb,No,0
Colorado Plateau,AguaFria,LUSPP,LUSPP.AguaFria,"Lupinus spp., AguaFria",Native/Unknown,Unknown,Forb,No,0
Colorado Plateau,PEFO,LUSPP,LUSPP.PEFO,"Lupinus spp., PEFO",Native/Unknown,Unknown,Forb,No,0
Colorado Plateau,TLE,MACSPP,MACSPP.TLE,"Machaeranthera spp., TLE",Native,Unknown,Forb,No,0
Mojave,29_Palms,MENSPP,MENSPP.29_Palms,"Mentzelia spp., 29_Palms",Native,Unknown,Forb,No,0
Colorado Plateau,PEFO,MENSPP,MENSPP.PEFO,"Mentzelia spp., PEFO",Native,Unknown,Forb,No,0
Sonoran SE,Patagonia,MENSPP,MENSPP.Patagonia,"Mentzelia spp., Patagonia",Native,Unknown,Forb,No,0
Sonoran SE,SRER,MENSPP,MENSPP.SRER,"Mentzelia spp., SRER",Native,Unknown,Forb,No,0
Colorado Plateau,BarTBar,OESP,OESP.BarTBar,"Oenothera spp., BarTBar",Native/Unknown,Unknown,Forb,No,0
Mojave,29_Palms,PECSPP,PECSPP.29_Palms,"Pectocarya spp., 29_Palms",Native,Unknown,Forb,No,0
Colorado Plateau,BabbittPJ,PHSPP,PHSPP.BabbittPJ,"Phacelia spp., BabbittPJ",Native,Unknown,Forb,No,0
Sonoran Central,Pleasant,PHYSR,PHYSR.Pleasant,"Physaria sp., Pleasant",Native,Unknown,Forb,No,0
Sonoran SE,SRER,1 Possible PLJA (1 out of 3 on certainty) on south border as well as some BOCUs (might be BOER but probably BOCU or other BOsp.) Mostly grazed,PLJAspp.SRER,"Possibly Pleuraphis jamesii, SRER",Native,Perennial,Grass,Yes,1
Colorado Plateau,BarTBar,PORSPP,PORSPP.BarTBar,"Portulaca spp., BarTBar",Native,Unknown,Forb,No,0
Colorado Plateau,FlyingM,PORSPP,PORSPP.FlyingM,"Portulaca spp., FlyingM",Native,Unknown,Forb,No,0
Colorado Plateau,PEFO,PORSPP,PORSPP.PEFO,"Portulaca spp., PEFO",Native,Unknown,Forb,No,0
Sonoran SE,Patagonia,PORSPP,PORSPP.Patagonia,"Portulaca spp., Patagonia",Native,Unknown,Forb,No,0
Utah,UtahPJ,Regrowth,Regrowth.UtahPJ,"Regrowth of unknown spp., UtahPJ",Unknown,Unknown,Unknown,No,0
Colorado Plateau,FlyingM,SALRE,SALRE.FlyingM,"Unknown SALRE, FlyingM",Unknown,Unknown,Unknown,No,0
Mojave,29_Palms,SCHSPP,SCHSPP.29_Palms,"Unknown SCH spp., 29_Palms",Unknown,Unknown,Unknown,No,0
Utah,UtahPJ,Dormant shrubs,SHRUBdor.UtahPJ,"Dormant shrubs, UtahPJ",Native/Unknown,Perennial,Shrub,No,0
Sonoran Central,Pleasant,SISYM,SISYM.Pleasant,"Sisymbrium sp., Pleasant",Unknown,Unknown,Forb,No,0
Colorado Plateau,Spiderweb,Sporobolus,SPOspp.Spiderweb,"Sporobolus spp., Spiderweb",Native,Unknown,Grass,No,0
Colorado Plateau,AguaFria,SPSP,SPSP.AguaFria,"Sphaeralcea spp., AguaFria",Native/Unknown,Unknown,Forb,No,0
Colorado Plateau,BabbittPJ,SPSP,SPSP.BabbittPJ,"Sphaeralcea spp., BabbittPJ",Native/Unknown,Unknown,Forb,No,0
Colorado Plateau,BarTBar,SPSP,SPSP.BarTBar,"Sphaeralcea spp., BarTBar",Native/Unknown,Unknown,Forb,No,0
Colorado Plateau,FlyingM,SPSP,SPSP.FlyingM,"Sphaeralcea spp., FlyingM",Native/Unknown,Unknown,Forb,No,0
Colorado Plateau,MOWE,SPSP,SPSP.MOWE,"Sphaeralcea spp., MOWE",Native/Unknown,Unknown,Forb,No,0
Colorado Plateau,PEFO,SPSP,SPSP.PEFO,"Sphaeralcea spp., PEFO",Native/Unknown,Unknown,Forb,No,0
Colorado Plateau,TLE,SPSP,SPSP.TLE,"Sphaeralcea spp., TLE",Native/Unknown,Unknown,Forb,No,0
Utah,UtahPJ,SPSP,SPSP.UtahPJ,"Sphaeralcea spp., UtahPJ",Native/Unknown,Unknown,Forb,No,0
Mojave,29_Palms,STISPP,STISPP.29_Palms,"Stipa spp., 29_Palms",Native,Unknown,Grass,No,0
Colorado Plateau,Spiderweb,SUNFO,SUNFO.Spiderweb,"Seeded unknown forb, Spiderweb",Native,Unknown,Forb,No,0
Colorado Plateau,BabbittPJ,SUNGR,SUNGR.BabbittPJ,"Seeded unknown grass, BabbittPJ",Native,Unknown,Grass,No,0
Colorado Plateau,MOWE,SUNGR,SUNGR.MOWE,"Seeded unknown grass, MOWE",Native,Unknown,Grass,No,0
Colorado Plateau,PEFO,SUNGR,SUNGR.PEFO,"Seeded unknown grass, PEFO",Native,Unknown,Grass,No,0
Colorado Plateau,Spiderweb,SUNGR,SUNGR.Spiderweb,"Seeded unknown grass, Spiderweb",Native,Unknown,Grass,No,0
Colorado Plateau,TLE,SUNGR,SUNGR.TLE,"Seeded unknown grass, TLE",Native,Unknown,Grass,No,0
Colorado Plateau,PEFO,SUNGR1,SUNGR1.PEFO,"Seeded unknown grass 1, PEFO",Native,Unknown,Grass,No,0
Chihuahuan,Mesquite,Trifolium,Trifolium.Mesquite,"Trifolium sp., Mesquite",Unknown,Unknown,Forb,No,0
Colorado Plateau,BabbittPJ,UNAM,UNAM.BabbittPJ,"Unknown UNAM, BabbittPJ",Unknown,Unknown,Unknown,No,0
Sonoran SE,SRER,UNDPF,UNDPF.SRER,"Unknown dead pod forb, SRER",Unknown,Unknown,Forb,No,0
Colorado Plateau,FlyingM,UNFO,UNFO.FlyingM,"Unknown forb, FlyingM",Native,Unknown,Forb,No,0
Colorado Plateau,Spiderweb,UNFO,UNFO.Spiderweb,"Unknown forb, Spiderweb",Unknown,Unknown,Forb,No,0
Mojave,29_Palms,UNFO1,UNFO1.29_Palms,"Unknown forb 1, 29_Palms",Unknown,Unknown,Forb,No,0
Colorado Plateau,AguaFria,UNFO1,UNFO1.AguaFria,"Unknown forb 1, AguaFria",Unknown,Unknown,Forb,No,0
Colorado Plateau,BabbittPJ,UNFO1,UNFO1.BabbittPJ,"Unknown forb 1, BabbittPJ",Native,Unknown,Forb,No,0
Colorado Plateau,BarTBar,UNFO1,UNFO1.BarTBar,"Unknown forb 1, BarTBar",Unknown,Unknown,Forb,No,0
Colorado Plateau,FlyingM,UNFO1,UNFO1.FlyingM,"Unknown forb 1, FlyingM",Unknown,Unknown,Forb,No,0
Colorado Plateau,MOWE,UNFO1,UNFO1.MOWE,"Unknown forb 1, MOWE",Unknown,Unknown,Forb,No,0
Colorado Plateau,PEFO,UNFO1,UNFO1.PEFO,"Unknown forb 1, PEFO",Unknown,Unknown,Forb,No,0
Sonoran SE,Patagonia,UNFO1,UNFO1.Patagonia,"Unknown forb (Patagonia and SRER are same); upright mustard with tiny blueish flower, Patagonia",Unknown,Unknown,Forb,No,0
Sonoran SE,SRER,UNFO1,UNFO1.SRER,"Unknown forb (Patagonia and SRER are same); upright mustard with tiny blueish flower, SRER",Unknown,Unknown,Forb,No,0
Colorado Plateau,TLE,UNFO1,UNFO1.TLE,"Unknown forb 1, TLE",Unknown,Unknown,Forb,No,0
Colorado Plateau,BarTBar,UNFO12,UNFO12.BarTBar,"Unknown forb 12, BarTBar",Unknown,Unknown,Forb,No,0
Colorado Plateau,BarTBar,UNFO13,UNFO13.BarTBar,"Unknown forb 13, BarTBar",Unknown,Unknown,Forb,No,0
Colorado Plateau,FlyingM,UNFO13,UNFO13.FlyingM,"Unknown forb 13, FlyingM",Unknown,Unknown,Forb,No,0
Colorado Plateau,BarTBar,UNFO15,UNFO15.BarTBar,"Unknown forb 15, BarTBar",Unknown,Unknown,Forb,No,0
Colorado Plateau,BarTBar,UNFO18,UNFO18.BarTBar,"Unknown forb 18, BarTBar",Unknown,Unknown,Forb,No,0
Mojave,29_Palms,UNFO2,UNFO2.29_Palms,"Unknown forb 2, 29_Palms",Unknown,Unknown,Forb,No,0
Colorado Plateau,AguaFria,UNFO2,UNFO2.AguaFria,"Unknown forb 2, AguaFria",Unknown,Unknown,Forb,No,0
Colorado Plateau,BarTBar,UNFO2,UNFO2.BarTBar,"Unknown forb 2, BarTBar",Unknown,Unknown,Forb,No,0
Utah,CRC,UNFO2,UNFO2.CRC,"Unknown forb 2, CRC",Unknown,Unknown,Forb,No,0
Colorado Plateau,FlyingM,UNFO2,UNFO2.FlyingM,"Unknown forb 2, FlyingM",Unknown,Unknown,Forb,No,0
Colorado Plateau,MOWE,UNFO2,UNFO2.MOWE,"Unknown forb 2, MOWE",Unknown,Unknown,Forb,No,0
Colorado Plateau,PEFO,UNFO2,UNFO2.PEFO,"Unknown forb 2, PEFO",Unknown,Unknown,Forb,No,0
Sonoran SE,Patagonia,UNFO2,UNFO2.Patagonia,"Unknown forb (Patagonia); low to ground, succulenty, tiny white flowers, similar to purslane, Patagonia",Unknown,Unknown,Forb,No,0
Colorado Plateau,Spiderweb,UNFO2,UNFO2.Spiderweb,"Unknown forb 2, Spiderweb",Native,Unknown,Forb,No,0
Colorado Plateau,TLE,UNFO2,UNFO2.TLE,"Unknown forb 2, TLE",Unknown,Unknown,Forb,No,0
Utah,UtahPJ,UNFO2,UNFO2.UtahPJ,"Unknown forb 2, UtahPJ",Unknown,Unknown,Forb,No,0
Colorado Plateau,AguaFria,UNFO3,UNFO3.AguaFria,"Unknown forb 3, AguaFria",Unknown,Unknown,Forb,No,0
Colorado Plateau,BarTBar,UNFO3,UNFO3.BarTBar,"Unknown forb 3, BarTBar",Unknown,Unknown,Forb,No,0
Utah,CRC,UNFO3,UNFO3.CRC,"Unknown forb 3, CRC",Unknown,Unknown,Forb,No,0
Colorado Plateau,FlyingM,UNFO3,UNFO3.FlyingM,"Unknown forb 3, FlyingM",Unknown,Unknown,Forb,No,0
Sonoran SE,Patagonia,UNFO3,UNFO3.Patagonia,"Unknown forb (Patagonia); upright mustard with small pods and tiny yellow flowers, Patagonia",Unknown,Unknown,Forb,No,0
Sonoran SE,SRER,UNFO3,UNFO3.SRER,"Unknown forb (SRER); tiny reddish basal leaves, star-like petals, SRER",Unknown,Unknown,Forb,No,0
Colorado Plateau,Spiderweb,UNFO3,UNFO3.Spiderweb,"Unknown forb 3, Spiderweb",Unknown,Unknown,Forb,No,0
Utah,UtahPJ,UNFO3,UNFO3.UtahPJ,"Unknown forb 3, UtahPJ",Unknown,Unknown,Forb,No,0
Colorado Plateau,AguaFria,UNFO4,UNFO4.AguaFria,"Unknown forb 4, AguaFria",Unknown,Unknown,Forb,No,0
Colorado Plateau,BarTBar,UNFO4,UNFO4.BarTBar,"Unknown forb 4, BarTBar",Unknown,Unknown,Forb,No,0
Colorado Plateau,FlyingM,UNFO4,UNFO4.FlyingM,"Unknown forb 4, FlyingM",Unknown,Unknown,Forb,No,0
Colorado Plateau,MOWE,UNFO4,UNFO4.MOWE,"Unknown forb 4, MOWE",Unknown,Unknown,Forb,No,0
Sonoran SE,SRER,UNFO4,UNFO4.SRER,"Unknown forb (SRER); very hairy radiating out/up, fuzzy rosettes, SRER",Unknown,Unknown,Forb,No,0
Utah,Salt_Desert,UNFO4,UNFO4.Salt_Desert,"Unknown forb 4, Salt_Desert",Unknown,Unknown,Forb,No,0
Utah,UtahPJ,UNFO4,UNFO4.UtahPJ,"Unknown forb 4, UtahPJ",Unknown,Unknown,Forb,No,0
Colorado Plateau,FlyingM,UNFO5,UNFO5.FlyingM,"Unknown forb 5, FlyingM",Unknown,Unknown,Forb,No,0
Colorado Plateau,MOWE,UNFO5,UNFO5.MOWE,"Unknown forb 5, MOWE",Unknown,Unknown,Forb,No,0
Sonoran SE,Patagonia,UNFO5,UNFO5.Patagonia,"Unknown forb (Patagonia); Similar to dandelion, yellow closed flowers, Patagonia",Unknown,Unknown,Forb,No,0
Sonoran SE,SRER,UNFO5,UNFO5.SRER,"Unknown forb (SRER); Little carrot with tiny white flowers and thin leaves, SRER",Unknown,Unknown,Forb,No,0
Colorado Plateau,Spiderweb,UNFO5,UNFO5.Spiderweb,"Unknown forb 5, Spiderweb",Unknown,Unknown,Forb,No,0
Utah,UtahPJ,UNFO5,UNFO5.UtahPJ,"Unknown forb 5, UtahPJ",Unknown,Unknown,Forb,No,0
Colorado Plateau,AguaFria,UNFO6,UNFO6.AguaFria,"Unknown forb 6, AguaFria",Unknown,Unknown,Forb,No,0
Colorado Plateau,FlyingM,UNFO6,UNFO6.FlyingM,"Unknown forb 6, FlyingM",Unknown,Unknown,Forb,No,0
Sonoran SE,Patagonia,UNFO6,UNFO6.Patagonia,"Unknown forb; green, young, radiating basal leaves; slightly fuzzy; Patagonia, Patagonia",Unknown,Unknown,Forb,No,0
Sonoran SE,SRER,UNFO6,UNFO6.SRER,"Unknown forb (SRER); Very small, long slender leaves, fuzzy, leaf toothed around margins. Possibly Heterotheca grandiflora, SRER",Unknown,Unknown,Forb,No,0
Colorado Plateau,Spiderweb,UNFO6,UNFO6.Spiderweb,"Unknown forb 6, Spiderweb",Unknown,Unknown,Forb,No,0
Utah,UtahPJ,UNFO6,UNFO6.UtahPJ,"Unknown forb 6, UtahPJ",Unknown,Unknown,Forb,No,0
Colorado Plateau,AguaFria,UNFO7,UNFO7.AguaFria,"Unknown forb 7, AguaFria",Unknown,Unknown,Forb,No,0
Colorado Plateau,BarTBar,UNFO7,UNFO7.BarTBar,"Unknown forb 7, BarTBar",Unknown,Unknown,Forb,No,0
Colorado Plateau,FlyingM,UNFO7,UNFO7.FlyingM,"Unknown forb 7, FlyingM",Unknown,Unknown,Forb,No,0
Colorado Plateau,Spiderweb,UNFO7,UNFO7.Spiderweb,"Unknown forb 7, Spiderweb",Unknown,Unknown,Forb,No,0
Utah,UtahPJ,UNFO7,UNFO7.UtahPJ,"Unknown forb 7, UtahPJ",Unknown,Unknown,Forb,No,0
Colorado Plateau,AguaFria,UNFO8,UNFO8.AguaFria,"Unknown forb 8, AguaFria",Unknown,Unknown,Forb,No,0
Colorado Plateau,BarTBar,UNFO8,UNFO8.BarTBar,"Unknown forb 8, BarTBar",Unknown,Unknown,Forb,No,0
Colorado Plateau,Spiderweb,UNFO8,UNFO8.Spiderweb,"Unknown forb 8, Spiderweb",Unknown,Unknown,Forb,No,0
Utah,UtahPJ,UNFO8,UNFO8.UtahPJ,"Unknown forb 8, UtahPJ",Unknown,Unknown,Forb,No,0
Colorado Plateau,BarTBar,UNFO9,UNFO9.BarTBar,"Unknown forb 9, BarTBar",Native,Unknown,Forb,No,0
Colorado Plateau,Spiderweb,UNFO9,UNFO9.Spiderweb,"Unknown forb 9, Spiderweb",Unknown,Unknown,Forb,No,0
Utah,UtahPJ,UNFO9,UNFO9.UtahPJ,"Unknown forb 9, UtahPJ",Unknown,Unknown,Forb,No,0
Sonoran SE,SRER,UNGR-2 possibly a Bouteloua (BOCU?) Maybe PLJA? (never seen),UNGR-2.SRER,"Unknown grass 2 possibly a Bouteloua (BOCU?) Maybe PLJA? (never seen), SRER",Native/Unknown,Unknown,Grass,No,0
Colorado Plateau,AguaFria,UNGR,UNGR.AguaFria,"Unknown grass, AguaFria",Native,Unknown,Grass,No,0
Colorado Plateau,BabbittPJ,UNGR,UNGR.BabbittPJ,"Unknown grass, BabbittPJ",Unknown,Unknown,Grass,No,0
Colorado Plateau,BarTBar,UNGR,UNGR.BarTBar,"Unknown grass, BarTBar",Unknown,Unknown,Grass,No,0
Colorado Plateau,FlyingM,UNGR,UNGR.FlyingM,"Unknown grass, FlyingM",Unknown,Unknown,Grass,No,0
Colorado Plateau,MOWE,UNGR,UNGR.MOWE,"Unknown grass, MOWE",Unknown,Unknown,Grass,No,0
Colorado Plateau,PEFO,UNGR,UNGR.PEFO,"Unknown grass, PEFO",Unknown,Unknown,Grass,No,0
Sonoran SE,SRER,UNGR,UNGR.SRER,"Unknown grass, SRER",Unknown,Unknown,Grass,No,0
Colorado Plateau,Spiderweb,UNGR,UNGR.Spiderweb,"Unknown grass, Spiderweb",Unknown,Unknown,Grass,No,0
Colorado Plateau,TLE,UNGR,UNGR.TLE,"Unknown grass, TLE",Unknown,Unknown,Grass,No,0
Utah,UtahPJ,UNGR,UNGR.UtahPJ,"Unknown grass, UtahPJ",Unknown,Unknown,Grass,No,0
Colorado Plateau,AguaFria,UNGR1,UNGR1.AguaFria,"Unknown grass 1, AguaFria",Native,Unknown,Grass,No,0
Colorado Plateau,BabbittPJ,UNGR1,UNGR1.BabbittPJ,"Unknown grass 1, BabbittPJ",Native,Unknown,Grass,No,0
Colorado Plateau,FlyingM,UNGR1,UNGR1.FlyingM,"Unknown grass 1, FlyingM",Unknown,Unknown,Grass,No,0
Colorado Plateau,MOWE,UNGR1,UNGR1.MOWE,"Unknown grass 1, MOWE",Unknown,Unknown,Grass,No,0
Colorado Plateau,PEFO,UNGR1,UNGR1.PEFO,"Unknown grass 1, PEFO",Native,Unknown,Grass,No,0
Sonoran SE,Patagonia,UNGR1,UNGR1.Patagonia,"Unknown grass 1, Patagonia",Unknown,Unknown,Grass,No,0
Sonoran SE,SRER,UNGR1,UNGR1.SRER,"Unknown grass (SantaRita); Possibly BOER or Aristida spp (so likely unseeded), SRER",Native,Unknown,Grass,No,0
Utah,Salt_Desert,UNGR1,UNGR1.Salt_Desert,"Unknown grass 1, Salt_Desert",Unknown,Unknown,Grass,No,0
Utah,UtahPJ,UNGR1,UNGR1.UtahPJ,"Unknown grass 1, UtahPJ",Unknown,Unknown,Grass,No,0
Colorado Plateau,AguaFria,UNGR2,UNGR2.AguaFria,"Unknown grass 2, AguaFria",Native,Unknown,Grass,No,0
Colorado Plateau,MOWE,UNGR2,UNGR2.MOWE,"Unknown grass 2, MOWE",Unknown,Unknown,Grass,No,0
Colorado Plateau,PEFO,UNGR2,UNGR2.PEFO,"Unknown grass 2, PEFO",Unknown,Unknown,Grass,No,0
Utah,UtahPJ,UNGR2,UNGR2.UtahPJ,"Unknown grass 2, UtahPJ",Unknown,Unknown,Grass,No,0
Colorado Plateau,AguaFria,UNGR4,UNGR4.AguaFria,"Unknown grass 4, AguaFria",Unknown,Unknown,Grass,No,0
Colorado Plateau,MOWE,UNGR4,UNGR4.MOWE,"Unknown grass 4, MOWE",Unknown,Unknown,Grass,No,0
Utah,Salt_Desert,UNGR4,UNGR4.Salt_Desert,"Unknown grass 4, Salt_Desert",Unknown,Unknown,Grass,No,0
Utah,UtahPJ,UNGR4,UNGR4.UtahPJ,"Unknown grass 4, UtahPJ",Unknown,Unknown,Grass,No,0
Colorado Plateau,AguaFria,UNGR5,UNGR5.AguaFria,"Unknown grass 5, AguaFria",Unknown,Unknown,Grass,No,0
Colorado Plateau,Spiderweb,UNGR5,UNGR5.Spiderweb,"Unknown grass 5, Spiderweb",Unknown,Unknown,Grass,No,0
Colorado Plateau,FlyingM,UNGRs,UNGRs.FlyingM,"Unknown grass, FlyingM",Unknown,Unknown,Grass,No,0
Sonoran Central,Preserve,UNK heart,UNK heart.Preserve,"Unknown  heart, Preserve",Unknown,Unknown,Forb,No,0
Utah,CRC,"Lots of unknown grasses, potentially S-PASM",UNKGR.CRC,"Lots of unknown grasses, potentially S-PASM, CRC",Native/Unknown,Unknown,Grass,No,0
Colorado Plateau,PEFO,UNKM,UNKM.PEFO,"Unknown M, PEFO",Unknown,Unknown,Unknown,No,0
Colorado Plateau,Spiderweb,UNK_AMARANTH,UNK_AMARANTH.Spiderweb,"Unknown Amaranth, Spiderweb",Unknown,Unknown,Forb,No,0
Colorado Plateau,BarTBar,UNSH,UNSH.BarTBar,"Unknown shrub, BarTBar",Unknown,Perennial,Shrub,No,0
Chihuahuan,Mesquite,Unk Grass,Unk Grass.Mesquite,"Unknown grass, Mesquite",Native,Unknown,Grass,No,0
Sonoran Central,Preserve,Unk dark,Unk dark.Preserve,"Unknown dark, Preserve",Native/Unknown,Unknown,Forb,No,0
Sonoran Central,Pleasant,Unk forb,Unk forb.Pleasant,"Unknown forb, Pleasant",Unknown,Unknown,Forb,No,0
Sonoran Central,Roosevelt,Unk grass 1,Unk grass 1.Roosevelt,"Unknown grass, Roosevelt",Unknown,Unknown,Grass,No,0
Sonoran Central,Pleasant,Unk grass,Unk grass.Pleasant,"Unknown grass, Pleasant",Unknown,Unknown,Grass,No,0
Sonoran Central,SCC,Unk grass,Unk grass.SCC,"Unknown likely associated with warm seed mix, SCC",Native,Unknown,Grass,No,0
Sonoran Central,Pleasant,Unk sp.,Unk sp..Pleasant,"Unknown species, Pleasant",Unknown,Unknown,Unknown,No,0
Sonoran Central,SCC,Unk sp.,Unk sp..SCC,"Unknown species, SCC",Unknown,Unknown,Unknown,No,0
Colorado Plateau,BabbittPJ,UnkAster,UnkAster.BabbittPJ,"Unknown aster, BabbittPJ",Unknown,Unknown,Forb,No,0
Chihuahuan,Mesquite,Unkaster,Unkaster.Mesquite,"Unknown aster, Mesquite",Unknown,Unknown,Forb,No,0
Colorado Plateau,PEFO,Unkaster,Unkaster.PEFO,"Unknown aster, PEFO",Unknown,Unknown,Forb,No,0
Chihuahuan,Creosote,Unkastr2,Unkastr2.Creosote,"Unknown aster 2, Creosote",Unknown,Unknown,Forb,No,0
Chihuahuan,Creosote,Unkcrypt,Unkcrypt.Creosote,"Cryptantha spp., Creosote",Native,Unknown,Forb,No,0
Chihuahuan,Creosote,Unkfabaceae,Unkfabaceae.Creosote,"Unknown fabaceae, Creosote",Unknown,Unknown,Forb,No,0
Chihuahuan,Creosote,Unkforb,Unkforb.Creosote,"Unknown forb, Creosote",Unknown,Unknown,Forb,No,0
Chihuahuan,Mesquite,Unkforb,Unkforb.Mesquite,"Unknown forb, Mesquite",Native,Unknown,Forb,No,0
Chihuahuan,Creosote,Unkforb1,Unkforb1.Creosote,"Unknown forb, Creosote",Unknown,Unknown,Forb,No,0
Chihuahuan,Mesquite,Unkforb1,Unkforb1.Mesquite,"Unknown forb1, Mesquite",Unknown,Unknown,Forb,No,0
Chihuahuan,Creosote,Unkforb3,Unkforb3.Creosote,"Unknown forb3, Creosote",Native/Unknown,Unknown,Forb,No,0
Chihuahuan,Mesquite,Unkforbgreen,Unkforbgreen.Mesquite,"Unknown forbgreen, Mesquite",Unknown,Unknown,Forb,No,0
Chihuahuan,Mesquite,Unkforbwavy,Unkforbwavy.Mesquite,"Unknown forbwavy, Mesquite",Unknown,Unknown,Forb,No,0
Chihuahuan,Mesquite,Unkfuzzyaster,Unkfuzzyaster.Mesquite,"Unknown fuzzyaster, Mesquite",Unknown,Unknown,Forb,No,0
Chihuahuan,Creosote,Unkgrass,Unkgrass.Creosote,"Unknown grass, Creosote",Unknown,Unknown,Grass,No,0
Chihuahuan,Mesquite,Unkgrass,Unkgrass.Mesquite,"Unknown grass, Mesquite",Native,Unknown,Grass,No,0
Chihuahuan,Creosote,Unkgrass1,Unkgrass1.Creosote,"Unknown grass1, Creosote",Unknown,Unknown,Grass,No,0
Chihuahuan,Mesquite,Unkhairygrass,Unkhairygrass.Mesquite,"Unknown hairy grass, Mesquite",Unknown,Unknown,Grass,No,0
Chihuahuan,Creosote,Unksalsola,Unksalsola.Creosote,"Unknown forb; A very small (tiny really) forb germinant that has linear leaves like a small Salsola would. Unlikely to be salsola but best way to distinguish it from other unks., Creosote",Unknown,Unknown,Forb,No,0
Chihuahuan,Creosote,Unksporo,Unksporo.Creosote,"Unknown grass; Sporobolus and Eragrostis, Creosote",Unknown,Unknown,Grass,No,0
Chihuahuan,Mesquite,Unksporo,Unksporo.Mesquite,"Unknown grass; Sporobolus and Eragrostis, Mesquite",Unknown,Unknown,Grass,No,0
Sonoran Central,Roosevelt,unk forb,unk forb.Roosevelt,"Unknown forb, Roosevelt",Unknown,Unknown,Forb,No,0
Sonoran Central,Roosevelt,unk grass 1,unk grass 1.Roosevelt,"Unknown grass, Roosevelt",Unknown,Unknown,Grass,No,0
Sonoran Central,SCC,unk grass,unk grass.SCC,"Unknown grass, SCC",Unknown,Unknown,Grass,No,0
