Site,CodeOriginal,Code,Name,Native,Duration,Lifeform,Region
SRER,ACASPP,ACASPP.SRER,"Acalypha spp., SRER",Native/Unknown,Unknown,Forb,Sonoran SE
Creosote,ACCH,ACCH.Creosote,"Unknown ACCH, Creosote",Unknown,Unknown,Unknown,Chihuahuan
Spiderweb,ALNI,ALNI.Spiderweb,"Unknown ALNI, Spiderweb",Unknown,Unknown,Unknown,Colorado Plateau
FlyingM,AmaranthusSpp,AmaranthusSpp.FlyingM,"Amaranthus spp., FlyingM",Unknown,Unknown,Forb,Colorado Plateau
BarTBar,AMASPP,AMASPP.BarTBar,"Amaranthus spp., BarTBar",Native/Unknown,Unknown,Forb,Colorado Plateau
FlyingM,AMASPP,AMASPP.FlyingM,"Amaranthus spp., FlyingM",Unknown,Unknown,Forb,Colorado Plateau
BabbittPJ,AMBSPP,AMBSPP.BabbittPJ,"Ambrosia spp., BabbittPJ",Native/Unknown,Unknown,Forb,Colorado Plateau
SRER,ANOSPP,ANOSPP.SRER,"Anoda spp., SRER",Native,Unknown,Forb,Sonoran SE
Patagonia,ARISPP,ARISPP.Patagonia,"Aristida spp., Patagonia",Native,Unknown,Grass,Sonoran SE
SRER,ARISPP,ARISPP.SRER,"Aristida spp., SRER",Native,Unknown,Grass,Sonoran SE
Patagonia,Large BOCU in the southeast with a few small ones throughout and about 5 ARPUs small to large in size that're mostly near the conmods,ARPUspp.Patagonia,"Aristida spp., Patagonia",Native,Unknown,Grass,Sonoran SE
SRER,A few possible ARPUs (2 certainty) or other ARsp. (ARTE),ARPUspp.SRER,"Aristida spp., SRER",Native,Unknown,Grass,Sonoran SE
SRER,Potentially 3 or 4 BOCU (1 certainty) and possibly an ARPU (2) or othe ARsp. hard to be certain because all the grasses have been grazed down to nubs,ARPUspp.SRER,"Aristida spp., SRER",Native,Unknown,Grass,Sonoran SE
SRER,Some possible ARPUs (2 certainty) or ARsp. (ARTE). Mostly dried still or grazed down.,ARPUspp.SRER,"Aristida spp., SRER",Native,Unknown,Grass,Sonoran SE
SRER,Some type of Aristida possibly and ARPU and maybe 1 small maybe BOCU near subplot that's been grazed down,ARPUspp.SRER,"Aristida spp., SRER",Native,Unknown,Grass,Sonoran SE
BarTBar,ARSPP,ARSPP.BarTBar,"Artemisia spp., BarTBar",Native/Unknown,Perennial,Shrub,Colorado Plateau
Creosote,ASTRAG,ASTRAG.Creosote,"Astragalus spp., Creosote",Unknown,Unknown,Forb,Chihuahuan
Mesquite,ASTRAG,ASTRAG.Mesquite,"Astragalus spp., Mesquite",Unknown,Unknown,Forb,Chihuahuan
SRER,ASTSPP,ASTSPP.SRER,"Astragalus spp., SRER",Native/Unknown,Unknown,Forb,Sonoran SE
Mesquite,ATCA,ATCA.Mesquite,"Unknown ATCA (but not Atriplex, a grass?), Mesquite",Native,Unknown,Grass,Chihuahuan
BarTBar,ATSP,ATSP.BarTBar,"Atriplex spp., BarTBar",Native/Unknown,Perennial,Shrub,Colorado Plateau
FlyingM,ATSP,ATSP.FlyingM,"Atriplex spp., FlyingM",Native/Unknown,Perennial,Shrub,Colorado Plateau
PEFO,ATSP,ATSP.PEFO,"Atriplex spp., PEFO",Native/Unknown,Perennial,Shrub,Colorado Plateau
TLE,ATSP,ATSP.TLE,"Atriplex spp., TLE",Native/Unknown,Perennial,Shrub,Colorado Plateau
FlyingM,ATSPP,ATSPP.FlyingM,"Atriplex spp., FlyingM",Native/Unknown,Perennial,Shrub,Colorado Plateau
SRER,1 Possible PLJA (1 out of 3 on certainty) on south border as well as some BOCUs (might be BOER but probably BOCU or other BOsp.) Mostly grazed,BOCU/BOER4.SRER,"BOCUs, or might be BOER4, SRER",Native,Perennial,Grass,Sonoran SE
SRER,BOCUs up to this point could also possibly be slender grama BORE or purple BORA,BOCU/BORE/BORA.SRER,"Bouteloua curtipendula/repens/radicosa (spp.), SRER",Native,Perennial,Grass,Sonoran SE
SRER,BOsp. a lot of possibly BOCU but could also be BORE or BORA,BOCU/BORE/BORA.SRER,"Bouteloua curtipendula/repens/radicosa (spp.), SRER",Native,Perennial,Grass,Sonoran SE
AguaFria,BOSPP,BOSPP.AguaFria,"local Bouteloua species (unknown), AguaFria",Native,Unknown,Grass,Colorado Plateau
BabbittPJ,BOSPP,BOSPP.BabbittPJ,"Bouteloua spp., BabbittPJ",Native,Unknown,Grass,Colorado Plateau
BarTBar,BOSPP,BOSPP.BarTBar,"local Bouteloua species (unknown), BarTBar",Native,Unknown,Grass,Colorado Plateau
FlyingM,BOSPP,BOSPP.FlyingM,"local Bouteloua species (unknown), FlyingM",Native,Unknown,Grass,Colorado Plateau
MOWE,BOSPP,BOSPP.MOWE,"Bouteloua spp., MOWE",Native,Unknown,Grass,Colorado Plateau
Patagonia,Possibly a BOER if not than other BOsp. possibly BOGR,BOspp.Patagonia,"Bouteloua spp., Patagonia",Native,Unknown,Grass,Sonoran SE
PEFO,BOSPP,BOSPP.PEFO,"local Bouteloua species (unknown), PEFO",Native,Unknown,Grass,Colorado Plateau
Spiderweb,BOSPP,BOSPP.Spiderweb,"local Bouteloua species (unknown), Spiderweb",Native,Unknown,Grass,Colorado Plateau
SRER,Possible Boutelouas not sure if BOER because they've been grazed down,BOspp.SRER,"Bouteloua spp., SRER",Native,Unknown,Grass,Sonoran SE
SRER,Possibly 3 small BOER (1 certainty) or other BOsp.,BOspp.SRER,"Bouteloua spp., SRER",Native,Unknown,Grass,Sonoran SE
SRER,Some type of Aristida possibly and ARPU and maybe 1 small maybe BOCU near subplot that's been grazed down,BOspp.SRER,"Bouteloua spp., SRER",Native,Unknown,Grass,Sonoran SE
SRER,BOUSPP,BOUSPP.SRER,"Bouteloua spp., SRER",Native,Unknown,Grass,Sonoran SE
SRER,BRASPP,BRASPP.SRER,"Brassica spp. (likely DEPI), SRER",Native/Unknown,Unknown,Forb,Sonoran SE
Patagonia,CALSPP,CALSPP.Patagonia,"Calandrinia spp., Patagonia",Native,Unknown,Forb,Sonoran SE
Creosote,CHAMA,CHAMA.Creosote,"Chamaesyce spp., Creosote",Native,Unknown,Forb,Chihuahuan
Mesquite,CHAMA,CHAMA.Mesquite,"Chamaesyce spp., Mesquite",Native,Unknown,Forb,Chihuahuan
29_Palms,CHASPP,CHASPP.29_Palms,"Chaenactis spp., 29_Palms",Native,Unknown,Forb,Mojave
BabbittPJ,CHEN,CHEN.BabbittPJ,"Unknown chenopod, BabbittPJ",Native/Unknown,Unknown,Forb,Colorado Plateau
MOWE,CHEN,CHEN.MOWE,"Unknown chenopod, MOWE",Native/Unknown,Unknown,Forb,Colorado Plateau
PEFO,CHEN,CHEN.PEFO,"Unknown chenopod, PEFO",Native/Unknown,Unknown,Forb,Colorado Plateau
TLE,CHEN,CHEN.TLE,"Unknown chenopod, TLE",Native/Unknown,Unknown,Forb,Colorado Plateau
Patagonia,CHESPP,CHESPP.Patagonia,"Chenopodium spp., Patagonia",Unknown,Unknown,Forb,Sonoran SE
Spiderweb,CLESP,CLESP.Spiderweb,"Unknown chenopod, Spiderweb",Native/Unknown,Unknown,Forb,Colorado Plateau
AVRCD,CRSE1,CRSE1.AVRCD,"Croton or Cryptantha spp. (?), AVRCD",Native/Unknown,Unknown,Forb,Mojave
Preserve,CRYPT,CRYPT.Preserve,"Cryptantha spp., Preserve",Native,Unknown,Forb,Sonoran Central
Roosevelt,CRYPT,CRYPT.Roosevelt,"Cryptantha spp., Roosevelt",Native,Unknown,Forb,Sonoran Central
29_Palms,CRYSPP,CRYSPP.29_Palms,"Cryptantha spp., 29_Palms",Native,Unknown,Forb,Mojave
AVRCD,CRYSPP,CRYSPP.AVRCD,"Cryptantha spp., AVRCD",Native,Unknown,Forb,Mojave
BarTBar,CRYSPP,CRYSPP.BarTBar,"Cryptantha spp., BarTBar",Native,Unknown,Forb,Colorado Plateau
PEFO,CRYSPP,CRYSPP.PEFO,"Cryptantha spp., PEFO",Native,Unknown,Forb,Colorado Plateau
SRER,CRYSPP,CRYSPP.SRER,"Cryptantha spp., SRER",Native,Unknown,Forb,Sonoran SE
Spiderweb,DASPUL,DASPUL.Spiderweb,"Unknown DASPUL, Spiderweb",Unknown,Unknown,Unknown,Colorado Plateau
UtahPJ,DRABA,DRABA.UtahPJ,"Draba spp., UtahPJ",Native/Unknown,Unknown,Forb,Utah
BabbittPJ,ELSP,ELSP.BabbittPJ,"Elymus spp., BabbittPJ",Native/Unknown,Unknown,Grass,Colorado Plateau
AguaFria,ELSPP,ELSPP.AguaFria,"Elymus spp., AguaFria",Native/Unknown,Unknown,Grass,Colorado Plateau
BabbittPJ,ELSPP,ELSPP.BabbittPJ,"Elymus spp., BabbittPJ",Native,Unknown,Grass,Colorado Plateau
FlyingM,ELSPP,ELSPP.FlyingM,"Elymus spp., FlyingM",Native/Unknown,Unknown,Grass,Colorado Plateau
PEFO,ELSPP,ELSPP.PEFO,"Elymus spp., PEFO",Native/Unknown,Unknown,Grass,Colorado Plateau
BabbittPJ,ELSP (seeded),ELSPse.BabbittPJ,"seeded Elymus spp., BabbittPJ",Native,Unknown,Grass,Colorado Plateau
Patagonia,ERASPP,ERASPP.Patagonia,"Eragrostis spp., ERCU or ERLE, Patagonia",Unknown,Unknown,Grass,Sonoran SE
UtahPJ,ERIGSPP,ERIGSPP.UtahPJ,"Unknown ERIG (?), UtahPJ",Unknown,Unknown,Unknown,Utah
UtahPJ,Eriogonum sp.,Eriogonum sp..UtahPJ,"Erigonum spp., UtahPJ",Native,Unknown,Forb,Utah
Creosote,Eriogonum,Eriogonum.Creosote,"Eriogonum spp., Creosote",Native,Unknown,Forb,Chihuahuan
BarTBar,ERISP,ERISP.BarTBar,"Eriogonum spp., BarTBar",Native,Unknown,Forb,Colorado Plateau
PEFO,ERISP,ERISP.PEFO,"Eriogonum spp., PEFO",Native,Unknown,Forb,Colorado Plateau
BarTBar,ERISPP,ERISPP.BarTBar,"Eriogonum spp., BarTBar",Native,Unknown,Forb,Colorado Plateau
Patagonia,ERISPP,ERISPP.Patagonia,"Eriastrum or Erigonum spp. (?), Patagonia",Native,Unknown,Forb,Sonoran SE
SRER,ERISPP,ERISPP.SRER,"Eriastrum or Erigonum spp. (?), SRER",Native,Unknown,Forb,Sonoran SE
AVRCD,EUPSPP,EUPSPP.AVRCD,"Euphorbia spp., AVRCD",Unknown,Unknown,Forb,Mojave
SRER,FESSPP,FESSPP.SRER,"FES (fescue?) spp., SRER",Unknown,Unknown,Grass,Sonoran SE
29_Palms,GILSPP,GILSPP.29_Palms,"Gilia spp., 29_Palms",Native,Unknown,Forb,Mojave
Spiderweb,GILSPP,GILSPP.Spiderweb,"Gilia spp., Spiderweb",Native,Unknown,Forb,Colorado Plateau
BabbittPJ,HCI,HCI.BabbittPJ,"Unknown HCI (?), BabbittPJ",Unknown,Unknown,Unknown,Colorado Plateau
BabbittPJ,HESP,HESP.BabbittPJ,"Heliomeris spp., BabbittPJ",Native,Unknown,Forb,Colorado Plateau
FlyingM,HESP,HESP.FlyingM,"Heliomeris spp., FlyingM",Native,Unknown,Forb,Colorado Plateau
29_Palms,LEPSPP,LEPSPP.29_Palms,"Lepidium spp., 29_Palms",Native/Unknown,Unknown,Forb,Mojave
29_Palms,LEPSPP,LESSPP.29_Palms,"Lepidium spp., 29_Palms",Native/Unknown,Unknown,Forb,Mojave
Creosote,Lesquerella sp.,LESSPP.Creosote,"Lesquerella spp., Creosote",Native,Unknown,Forb,Chihuahuan
SRER,LUPSPP,LUPSPP.SRER,"Lupinus spp., SRER",Unknown,Unknown,Forb,Sonoran SE
AguaFria,LUSPP,LUSPP.AguaFria,"Lupinus spp., AguaFria",Native/Unknown,Unknown,Forb,Colorado Plateau
PEFO,LUSPP,LUSPP.PEFO,"Lupinus spp., PEFO",Unknown,Unknown,Forb,Colorado Plateau
TLE,MACSPP,MACSPP.TLE,"Machaeranthera spp., TLE",Native,Unknown,Forb,Colorado Plateau
29_Palms,MENSPP,MENSPP.29_Palms,"Mentzelia spp., 29_Palms",Native,Unknown,Forb,Mojave
Patagonia,MENSPP,MENSPP.Patagonia,"Mentzelia spp., Patagonia",Native,Unknown,Forb,Sonoran SE
PEFO,MENSPP,MENSPP.PEFO,"Mentzelia spp., PEFO",Native,Unknown,Forb,Colorado Plateau
SRER,MENSPP,MENSPP.SRER,"Mentzelia spp., SRER",Native,Unknown,Forb,Sonoran SE
BarTBar,OESP,OESP.BarTBar,"Oenothera spp., BarTBar",Native/Unknown,Unknown,Forb,Colorado Plateau
SRER,PANSPP,PANSPP.SRER,"Panicum spp., SRER",Native,Unknown,Grass,Sonoran SE
29_Palms,PECSPP,PECSPP.29_Palms,"Pectocarya spp., 29_Palms",Native,Unknown,Forb,Mojave
Patagonia,SW conmod is overgrown with Blue grama but NO black grama but thee's a possible young PEPA by the NW conmod,PEPAspp.Patagonia,"Unknown PEPA, Patagonia",Unknown,Unknown,Unknown,Sonoran SE
SRER,PEPA (possibly),PEPAspp.SRER,"Unknown PEPA, SRER",Unknown,Unknown,Unknown,Sonoran SE
BabbittPJ,PHSPP,PHSPP.BabbittPJ,"Phacelia spp., BabbittPJ",Native,Unknown,Forb,Colorado Plateau
SRER,PLASPP,PLASPP.SRER,"Plantago spp., SRER",Unknown,Unknown,Forb,Sonoran SE
SRER,1 Possible PLJA (1 out of 3 on certainty) on south border as well as some BOCUs (might be BOER but probably BOCU or other BOsp.) Mostly grazed,PLJAspp.SRER,"Possibly Pleuraphis jamesii, SRER",Native,Perennial,Grass,Sonoran SE
BarTBar,PORSPP,PORSPP.BarTBar,"Portulaca spp., BarTBar",Native,Unknown,Forb,Colorado Plateau
FlyingM,PORSPP,PORSPP.FlyingM,"Portulaca spp., FlyingM",Native,Unknown,Forb,Colorado Plateau
Patagonia,PORSPP,PORSPP.Patagonia,"Portulaca spp., Patagonia",Native,Unknown,Forb,Sonoran SE
PEFO,PORSPP,PORSPP.PEFO,"Portulaca spp., PEFO",Native,Unknown,Forb,Colorado Plateau
UtahPJ,Regrowth,Regrowth.UtahPJ,"Regrowth of unknown spp., UtahPJ",Unknown,Unknown,Unknown,Utah
CRC,S-UNFO2,S-UNFO2.CRC,"Seeded unknown forb 2, CRC",Native,Unknown,Forb,Utah
Salt_Desert,S-UNFO2,S-UNFO2.Salt_Desert,"Seeded unknown forb 2, Salt_Desert",Native,Unknown,Forb,Utah
CRC,S-UNGR1,S-UNGR1.CRC,"Seeded unknown grass 1, CRC",Native,Unknown,Grass,Utah
Salt_Desert,S-UNGR1,S-UNGR1.Salt_Desert,"Seeded unknown grass 1, Salt_Desert",Native,Unknown,Grass,Utah
CRC,S-UNGR2,S-UNGR2.CRC,"Seeded unknown grass 2, CRC",Native,Unknown,Grass,Utah
Salt_Desert,S-UNGR2,S-UNGR2.Salt_Desert,"Seeded unknown grass 2, Salt_Desert",Native,Unknown,Grass,Utah
UtahPJ,S-UNGR2,S-UNGR2.UtahPJ,"Seeded unknown grass 2, UtahPJ",Native,Unknown,Grass,Utah
CRC,S-UNGR3,S-UNGR3.CRC,"Seeded unknown grass 3, CRC",Native,Unknown,Grass,Utah
Salt_Desert,S-UNGR3,S-UNGR3.Salt_Desert,"Seeded unknown grass 3, Salt_Desert",Native,Unknown,Grass,Utah
UtahPJ,S-UNGR3,S-UNGR3.UtahPJ,"Seeded unknown grass 3, UtahPJ",Native,Unknown,Grass,Utah
CRC,S-UNGR4,S-UNGR4.CRC,"Seeded unknown grass 4, CRC",Native,Unknown,Grass,Utah
UtahPJ,S-UNGR4,S-UNGR4.UtahPJ,"Seeded unknown grass 4, UtahPJ",Native,Unknown,Grass,Utah
UtahPJ,S-UNGR5,S-UNGR5.UtahPJ,"Seeded unknown grass 5, UtahPJ",Native,Unknown,Grass,Utah
FlyingM,SALRE,SALRE.FlyingM,"Unknown SALRE, FlyingM",Unknown,Unknown,Unknown,Colorado Plateau
29_Palms,SCHSPP,SCHSPP.29_Palms,"Unknown SCH spp., 29_Palms",Unknown,Unknown,Unknown,Mojave
UtahPJ,Dormant shrubs,SHRUBdor.UtahPJ,"Dormant shrubs, UtahPJ",Unknown,Perennial,Shrub,Utah
SRER,SIDSPP,SIDSPP.SRER,"Sida spp., SRER",Native/Unknown,Unknown,Forb,Sonoran SE
FlyingM,SOSP,SOSP.FlyingM,"Solanum spp., FlyingM",Native,Unknown,Forb,Colorado Plateau
Spiderweb,Sporobolus,SPOspp.Spiderweb,"Sporobolus spp., Spiderweb",Unknown,Unknown,Grass,Colorado Plateau
AguaFria,SPSP,SPSP.AguaFria,"Sphaeralcea spp., AguaFria",Native/Unknown,Unknown,Forb,Colorado Plateau
BabbittPJ,SPSP,SPSP.BabbittPJ,"Sphaeralcea spp., BabbittPJ",Native/Unknown,Unknown,Forb,Colorado Plateau
BarTBar,SPSP,SPSP.BarTBar,"Sphaeralcea spp., BarTBar",Native/Unknown,Unknown,Forb,Colorado Plateau
FlyingM,SPSP,SPSP.FlyingM,"Sphaeralcea spp., FlyingM",Native/Unknown,Unknown,Forb,Colorado Plateau
PEFO,SPSP,SPSP.PEFO,"Sphaeralcea spp., PEFO",Native/Unknown,Unknown,Forb,Colorado Plateau
TLE,SPSP,SPSP.TLE,"Sphaeralcea spp., TLE",Native/Unknown,Unknown,Forb,Colorado Plateau
UtahPJ,SPSP,SPSP.UtahPJ,"Sphaeralcea spp., UtahPJ",Native/Unknown,Unknown,Forb,Utah
29_Palms,STISPP,STISPP.29_Palms,"Stipa spp., 29_Palms",Native,Unknown,Grass,Mojave
Spiderweb,SUNFO,SUNFO.Spiderweb,"Seeded unknown forb, Spiderweb",Native,Unknown,Forb,Colorado Plateau
BabbittPJ,SUNGR,SUNGR.BabbittPJ,"Seeded unknown grass (?), BabbittPJ",Native,Unknown,Shrub,Colorado Plateau
MOWE,SUNGR,SUNGR.MOWE,"Seeded unknown grass, MOWE",Native,Unknown,Grass,Colorado Plateau
PEFO,SUNGR,SUNGR.PEFO,"Seeded unknown grass, PEFO",Native,Unknown,Grass,Colorado Plateau
Spiderweb,SUNGR,SUNGR.Spiderweb,"Seeded unknown grass, Spiderweb",Native,Unknown,Grass,Colorado Plateau
TLE,SUNGR,SUNGR.TLE,"Seeded unknown grass (?), TLE",Native,Unknown,Shrub,Colorado Plateau
PEFO,SUNGR1,SUNGR1.PEFO,"Seeded unknown grass 1, PEFO",Native,Unknown,Grass,Colorado Plateau
Mesquite,Trifolium,Trifolium.Mesquite,"Trifolium spp., Mesquite",Unknown,Unknown,Forb,Chihuahuan
PEFO,UCHEN1,UCHEN1.PEFO,"Unknown UCHEN1 (?), PEFO",Unknown,Unknown,Unknown,Colorado Plateau
PEFO,UCHEN2,UCHEN2.PEFO,"Unknown UCHEN2 (?), PEFO",Unknown,Unknown,Unknown,Colorado Plateau
BabbittPJ,UNAM,UNAM.BabbittPJ,"Unknown UNAM, BabbittPJ",Unknown,Unknown,Unknown,Colorado Plateau
SRER,UNDPF,UNDPF.SRER,"Unknown dead pod forb, SRER",Unknown,Unknown,Forb,Sonoran SE
SRER,UNDSF,UNDSF.SRER,"Unknown dead spikey forb, SRER",Unknown,Unknown,Forb,Sonoran SE
Salt_Desert,UNFO.12166.assigned,UNFO.12166.assigned.Salt_Desert,"Unknown forb with assigned code, and manually entered, Salt_Desert",Unknown,Unknown,Forb,Utah
FlyingM,UNFO,UNFO.FlyingM,"Unknown forb, FlyingM",Native,Unknown,Forb,Colorado Plateau
Spiderweb,UNFO,UNFO.Spiderweb,"Unknown forb, Spiderweb",Native,Unknown,Forb,Colorado Plateau
Patagonia,UNFO_P_1,UNFO_P_1.Patagonia,"Unknown forb; small reddish purple rosette with ovate leaves (Spring 2021), Patagonia",Unknown,Unknown,Forb,Sonoran SE
Patagonia,UNFO_P_2,UNFO_P_2.Patagonia,"Unknown forb; Pinated leaves, upright rosette, lighter green, Ambrosia?  (Spring 2021), Patagonia",Unknown,Unknown,Forb,Sonoran SE
Patagonia,UNFO_P_3,UNFO_P_3.Patagonia,"Unknown forb; Fabeacea (pea), long and spindly (Spring 2021), Patagonia",Unknown,Unknown,Forb,Sonoran SE
Patagonia,UNFO_P_4,UNFO_P_4.Patagonia,"Unkown forb; Unknown Fabeacea (Pea), short and fuzzy, chunky, Acmispon Brachycarpus? (Spring 2021), Patagonia",Unknown,Unknown,Forb,Sonoran SE
Patagonia,UNFO_P_5,UNFO_P_5.Patagonia,"Unknown forb; Prominent mid-vein, leaf doesn't completely surround/there's good amount of petiole, ovate leaves that're slightly speckled, oenothera? (Spring 2021), Patagonia",Unknown,Unknown,Forb,Sonoran SE
Patagonia,UNFO_P_6,UNFO_P_6.Patagonia,"Unknown forb; Super tiny, red thin stem like SAIB but the top leaves are compounded with 3 leaflets, Amaranthaceae? (Spring 2021), Patagonia",Unknown,Unknown,Forb,Sonoran SE
Patagonia,UNFO_P_7,UNFO_P_7.Patagonia,"Unknown forb; Rosette leaves slightly fuzzy and silvery light green. simple leaves, smells like bandaids (Spring 2021), Patagonia",Unknown,Unknown,Forb,Sonoran SE
SRER,UNFO_S_1,UNFO_S_1.SRER,"Unknown forb; Purple vine, sagitate leaves (Spring 2021), SRER",Unknown,Unknown,Forb,Sonoran SE
SRER,UNFO_S_3,UNFO_S_3.SRER,"Unknown forb; Fuzzy green penately arranged leaflets, partially pinated lobes ""thick poppy"" possibly an ambrosia (Spring 2021), SRER",Unknown,Unknown,Forb,Sonoran SE
SRER,UNFO_S_4,UNFO_S_4.SRER,"Unknown forb; Super tiny, very spikey, pinately lobed, possible cryptantha or plagiobothrys (Spring 2021), SRER",Unknown,Unknown,Forb,Sonoran SE
SRER,UNFO_S_5,UNFO_S_5.SRER,"Unknown forb; Silky hairy fuzzy, straight leaves, no prominent veination, pseudognaphalium? (Spring 2021), SRER",Unknown,Unknown,Forb,Sonoran SE
SRER,UNFO_S_7,UNFO_S_7.SRER,"Unknown forb; ""artichoke head"", stem leaves alternate, basal rosette, possibly cryptantha? (Spring 2021), SRER",Unknown,Unknown,Forb,Sonoran SE
29_Palms,UNFO1,UNFO1.29_Palms,"Unknown forb 1, 29_Palms",Unknown,Unknown,Forb,Mojave
AguaFria,UNFO1,UNFO1.AguaFria,"Unknown forb 1, AguaFria",Unknown,Unknown,Forb,Colorado Plateau
BabbittPJ,UNFO1,UNFO1.BabbittPJ,"Unknown forb 1, BabbittPJ",Native,Unknown,Forb,Colorado Plateau
FlyingM,UNFO1,UNFO1.FlyingM,"Unknown forb 1, FlyingM",Unknown,Unknown,Forb,Colorado Plateau
MOWE,UNFO1,UNFO1.MOWE,"Unknown forb 1, MOWE",Unknown,Unknown,Forb,Colorado Plateau
Patagonia,UNFO1,UNFO1.Patagonia,"Unknown forb (Patagonia and SRER are same); upright mustard with tiny blueish flower, Patagonia",Unknown,Unknown,Forb,Sonoran SE
PEFO,UNFO1,UNFO1.PEFO,"Unknown forb 1, PEFO",Unknown,Unknown,Forb,Colorado Plateau
SRER,UNFO1,UNFO1.SRER,"Unknown forb (Patagonia and SRER are same); upright mustard with tiny blueish flower, SRER",Unknown,Unknown,Forb,Sonoran SE
TLE,UNFO1,UNFO1.TLE,"Unknown forb 1, TLE",Unknown,Unknown,Forb,Colorado Plateau
UtahPJ,UNFO10,UNFO10.UtahPJ,"Unknown forb 10, UtahPJ",Unknown,Unknown,Forb,Utah
UtahPJ,UNFO11,UNFO11.UtahPJ,"Unknown forb 11, UtahPJ",Unknown,Unknown,Forb,Utah
BarTBar,UNFO12,UNFO12.BarTBar,"Unknown forb 12, BarTBar",Unknown,Unknown,Forb,Colorado Plateau
BarTBar,UNFO13,UNFO13.BarTBar,"Unknown forb 13, BarTBar",Unknown,Unknown,Forb,Colorado Plateau
FlyingM,UNFO13,UNFO13.FlyingM,"Unknown forb 13, FlyingM",Unknown,Unknown,Forb,Colorado Plateau
BarTBar,UNFO14,UNFO14.BarTBar,"Unknown forb 14, BarTBar",Unknown,Unknown,Forb,Colorado Plateau
BarTBar,UNFO15,UNFO15.BarTBar,"Unknown forb 15, BarTBar",Unknown,Unknown,Forb,Colorado Plateau
BarTBar,UNFO16,UNFO16.BarTBar,"Unknown forb 16, BarTBar",Unknown,Unknown,Forb,Colorado Plateau
BarTBar,UNFO18,UNFO18.BarTBar,"Unknown forb 18, BarTBar",Unknown,Unknown,Forb,Colorado Plateau
Patagonia,UNFO1A,UNFO1A.Patagonia,"Unknown forb (Patagonia, Nov 2019) = Darker Green, 5 petals radiating out, Patagonia",Unknown,Unknown,Forb,Sonoran SE
29_Palms,UNFO2,UNFO2.29_Palms,"Unknown forb 2, 29_Palms",Unknown,Unknown,Forb,Mojave
AguaFria,UNFO2,UNFO2.AguaFria,"Unknown forb 2, AguaFria",Unknown,Unknown,Forb,Colorado Plateau
CRC,UNFO2,UNFO2.CRC,"Unknown forb 2, CRC",Unknown,Unknown,Forb,Utah
FlyingM,UNFO2,UNFO2.FlyingM,"Unknown forb 2, FlyingM",Unknown,Unknown,Forb,Colorado Plateau
MOWE,UNFO2,UNFO2.MOWE,"Unknown forb 2, MOWE",Unknown,Unknown,Forb,Colorado Plateau
Patagonia,UNFO2,UNFO2.Patagonia,"Unknown forb (Patagonia); low to ground, succulenty, tiny white flowers, similar to purslane, Patagonia",Unknown,Unknown,Forb,Sonoran SE
PEFO,UNFO2,UNFO2.PEFO,"Unknown forb 2, PEFO",Unknown,Unknown,Forb,Colorado Plateau
Spiderweb,UNFO2,UNFO2.Spiderweb,"Unknown forb 2, Spiderweb",Native,Unknown,Forb,Colorado Plateau
TLE,UNFO2,UNFO2.TLE,"Unknown forb 2, TLE",Unknown,Unknown,Forb,Colorado Plateau
UtahPJ,UNFO2,UNFO2.UtahPJ,"Unknown forb 2, UtahPJ",Unknown,Unknown,Forb,Utah
AVRCD,UNFO2A,UNFO2A.AVRCD,"Unknown forb 2A, AVRCD",Unknown,Unknown,Forb,Mojave
AguaFria,UNFO3,UNFO3.AguaFria,"Unknown forb 3, AguaFria",Unknown,Unknown,Forb,Colorado Plateau
BarTBar,UNFO3,UNFO3.BarTBar,"Unknown forb 3, BarTBar",Unknown,Unknown,Forb,Colorado Plateau
CRC,UNFO3,UNFO3.CRC,"Unknown forb 3, CRC",Unknown,Unknown,Forb,Utah
FlyingM,UNFO3,UNFO3.FlyingM,"Unknown forb 3, FlyingM",Unknown,Unknown,Forb,Colorado Plateau
Patagonia,UNFO3,UNFO3.Patagonia,"Unknown forb (Patagonia); upright mustard with small pods and tiny yellow flowers, Patagonia",Unknown,Unknown,Forb,Sonoran SE
Spiderweb,UNFO3,UNFO3.Spiderweb,"Unknown forb 3, Spiderweb",Unknown,Unknown,Forb,Colorado Plateau
SRER,UNFO3,UNFO3.SRER,"Unknown forb (SRER); tiny reddish basal leaves, star-like petals, SRER",Unknown,Unknown,Forb,Sonoran SE
UtahPJ,UNFO3,UNFO3.UtahPJ,"Unknown forb 3, UtahPJ",Unknown,Unknown,Forb,Utah
AguaFria,UNFO4,UNFO4.AguaFria,"Unknown forb 4, AguaFria",Unknown,Unknown,Forb,Colorado Plateau
BarTBar,UNFO4,UNFO4.BarTBar,"Unknown forb 4, BarTBar",Unknown,Unknown,Forb,Colorado Plateau
FlyingM,UNFO4,UNFO4.FlyingM,"Unknown forb 4, FlyingM",Unknown,Unknown,Forb,Colorado Plateau
MOWE,UNFO4,UNFO4.MOWE,"Unknown forb 4, MOWE",Unknown,Unknown,Forb,Colorado Plateau
Salt_Desert,UNFO4,UNFO4.Salt_Desert,"Unknown forb 4, Salt_Desert",Unknown,Unknown,Forb,Utah
SRER,UNFO4,UNFO4.SRER,"Unknown forb (SRER); very hairy radiating out/up, fuzzy rosettes, SRER",Unknown,Unknown,Forb,Sonoran SE
UtahPJ,UNFO4,UNFO4.UtahPJ,"Unknown forb 4, UtahPJ",Unknown,Unknown,Forb,Utah
AguaFria,UNFO5,UNFO5.AguaFria,"Unknown forb 5, AguaFria",Unknown,Unknown,Forb,Colorado Plateau
FlyingM,UNFO5,UNFO5.FlyingM,"Unknown forb 5, FlyingM",Unknown,Unknown,Forb,Colorado Plateau
MOWE,UNFO5,UNFO5.MOWE,"Unknown forb 5, MOWE",Unknown,Unknown,Forb,Colorado Plateau
Patagonia,UNFO5,UNFO5.Patagonia,"Unknown forb (Patagonia); Similar to dandelion, yellow closed flowers, Patagonia",Unknown,Unknown,Forb,Sonoran SE
Spiderweb,UNFO5,UNFO5.Spiderweb,"Unknown forb 5, Spiderweb",Unknown,Unknown,Forb,Colorado Plateau
SRER,UNFO5,UNFO5.SRER,"Unknown forb (SRER); Little carrot with tiny white flowers and thin leaves, SRER",Unknown,Unknown,Forb,Sonoran SE
UtahPJ,UNFO5,UNFO5.UtahPJ,"Unknown forb 5, UtahPJ",Unknown,Unknown,Forb,Utah
AguaFria,UNFO6,UNFO6.AguaFria,"Unknown forb 6, AguaFria",Unknown,Unknown,Forb,Colorado Plateau
FlyingM,UNFO6,UNFO6.FlyingM,"Unknown forb 6, FlyingM",Unknown,Unknown,Forb,Colorado Plateau
Patagonia,UNFO6,UNFO6.Patagonia,"Unknown forb; green, young, radiating basal leaves; slightly fuzzy; Patagonia, Patagonia",Unknown,Unknown,Forb,Sonoran SE
Spiderweb,UNFO6,UNFO6.Spiderweb,"Unknown forb 6, Spiderweb",Unknown,Unknown,Forb,Colorado Plateau
SRER,UNFO6,UNFO6.SRER,"Unknown forb (SRER); Very small, long slender leaves, fuzzy, leaf toothed around margins. Possibly Heterotheca grandiflora, SRER",Unknown,Unknown,Forb,Sonoran SE
UtahPJ,UNFO6,UNFO6.UtahPJ,"Unknown forb 6, UtahPJ",Unknown,Unknown,Forb,Utah
AguaFria,UNFO7,UNFO7.AguaFria,"Unknown forb 7, AguaFria",Unknown,Unknown,Forb,Colorado Plateau
BarTBar,UNFO7,UNFO7.BarTBar,"Unknown forb 7, BarTBar",Unknown,Unknown,Forb,Colorado Plateau
FlyingM,UNFO7,UNFO7.FlyingM,"Unknown forb 7, FlyingM",Unknown,Unknown,Forb,Colorado Plateau
Spiderweb,UNFO7,UNFO7.Spiderweb,"Unknown forb 7, Spiderweb",Unknown,Unknown,Forb,Colorado Plateau
UtahPJ,UNFO7,UNFO7.UtahPJ,"Unknown forb 7, UtahPJ",Unknown,Unknown,Forb,Utah
AguaFria,UNFO8,UNFO8.AguaFria,"Unknown forb 8, AguaFria",Unknown,Unknown,Forb,Colorado Plateau
BarTBar,UNFO8,UNFO8.BarTBar,"Unknown forb 8, BarTBar",Unknown,Unknown,Forb,Colorado Plateau
Spiderweb,UNFO8,UNFO8.Spiderweb,"Unknown forb 8, Spiderweb",Unknown,Unknown,Forb,Colorado Plateau
UtahPJ,UNFO8,UNFO8.UtahPJ,"Unknown forb 8, UtahPJ",Unknown,Unknown,Forb,Utah
BarTBar,UNFO9,UNFO9.BarTBar,"Unknown forb 9, BarTBar",Native,Unknown,Forb,Colorado Plateau
Spiderweb,UNFO9,UNFO9.Spiderweb,"Unknown forb 9, Spiderweb",Unknown,Unknown,Forb,Colorado Plateau
UtahPJ,UNFO9,UNFO9.UtahPJ,"Unknown forb 9, UtahPJ",Unknown,Unknown,Forb,Utah
Patagonia,UNFS,UNFS.Patagonia,"Unknown forb seedling, Patagonia",Unknown,Unknown,Forb,Sonoran SE
SRER,UNGR-2 possibly a Bouteloua (BOCU?) Maybe PLJA? (never seen),UNGR-2.SRER,"Unknown grass 2 possibly a Bouteloua (BOCU?) Maybe PLJA? (never seen), SRER",Unknown,Unknown,Grass,Sonoran SE
AguaFria,UNGR,UNGR.AguaFria,"Unknown grass, AguaFria",Native,Unknown,Grass,Colorado Plateau
BabbittPJ,UNGR,UNGR.BabbittPJ,"Unknown grass, BabbittPJ",Native,Unknown,Grass,Colorado Plateau
BarTBar,UNGR,UNGR.BarTBar,"Unknown grass, BarTBar",Native,Unknown,Grass,Colorado Plateau
FlyingM,UNGR,UNGR.FlyingM,"Unknown grass, FlyingM",Native,Unknown,Grass,Colorado Plateau
MOWE,UNGR,UNGR.MOWE,"Unknown grass, MOWE",Native,Unknown,Grass,Colorado Plateau
PEFO,UNGR,UNGR.PEFO,"Unknown grass, PEFO",Native,Unknown,Grass,Colorado Plateau
Spiderweb,UNGR,UNGR.Spiderweb,"Unknown grass, Spiderweb",Native,Unknown,Grass,Colorado Plateau
SRER,UNGR,UNGR.SRER,"Unknown grass, SRER",Unknown,Unknown,Grass,Sonoran SE
TLE,UNGR,UNGR.TLE,"Unknown grass, TLE",Native,Unknown,Grass,Colorado Plateau
UtahPJ,UNGR,UNGR.UtahPJ,"Unknown grass, UtahPJ",Unknown,Unknown,Grass,Utah
Patagonia,UNGR_P_1,UNGR_P_1.Patagonia,"Unknown grass; Possibly small ARIsp. (Spring 2021), Patagonia",Unknown,Unknown,Grass,Sonoran SE
SRER,UNGR_S_1,UNGR_S_1.SRER,"Unknown grass; Grass seedling short erose ligule slight chance ARPU because of 45 degree leaf or possibly a Vulpia sp. like VUOC (Spring 2021), SRER",Unknown,Unknown,Grass,Sonoran SE
SRER,UNGR_S_2,UNGR_S_2.SRER,"Unknown grass; Possibly a BOCU or another Bouteloua (Spring 2021), SRER",Native,Unknown,Grass,Sonoran SE
AguaFria,UNGR1,UNGR1.AguaFria,"Unknown grass 1, AguaFria",Native,Unknown,Grass,Colorado Plateau
BabbittPJ,UNGR1,UNGR1.BabbittPJ,"Unknown grass 1, BabbittPJ",Native,Unknown,Grass,Colorado Plateau
FlyingM,UNGR1,UNGR1.FlyingM,"Unknown grass 1, FlyingM",Unknown,Unknown,Grass,Colorado Plateau
MOWE,UNGR1,UNGR1.MOWE,"Unknown grass 1, MOWE",Unknown,Unknown,Grass,Colorado Plateau
Patagonia,UNGR1,UNGR1.Patagonia,"Unknown grass 1, Patagonia",Unknown,Unknown,Grass,Sonoran SE
PEFO,UNGR1,UNGR1.PEFO,"Unknown grass 1, PEFO",Native,Unknown,Grass,Colorado Plateau
Salt_Desert,UNGR1,UNGR1.Salt_Desert,"Unknown grass 1, Salt_Desert",Unknown,Unknown,Grass,Utah
SRER,UNGR1,UNGR1.SRER,"Unknown grass (SantaRita); Possibly BOER or Aristida spp (so likely unseeded), SRER",Unknown,Unknown,Grass,Sonoran SE
UtahPJ,UNGR1,UNGR1.UtahPJ,"Unknown grass 1, UtahPJ",Unknown,Unknown,Grass,Utah
AguaFria,UNGR2,UNGR2.AguaFria,"Unknown grass 2, AguaFria",Native,Unknown,Grass,Colorado Plateau
MOWE,UNGR2,UNGR2.MOWE,"Unknown grass 2, MOWE",Native,Unknown,Grass,Colorado Plateau
PEFO,UNGR2,UNGR2.PEFO,"Unknown grass 2, PEFO",Native,Unknown,Grass,Colorado Plateau
UtahPJ,UNGR2,UNGR2.UtahPJ,"Unknown grass 2, UtahPJ",Unknown,Unknown,Grass,Utah
AguaFria,UNGR3,UNGR3.AguaFria,"Unknown grass 3, AguaFria",Native,Unknown,Grass,Colorado Plateau
MOWE,UNGR3,UNGR3.MOWE,"Unknown grass 3, MOWE",Unknown,Unknown,Grass,Colorado Plateau
PEFO,UNGR3,UNGR3.PEFO,"Unknown grass 3, PEFO",Native,Unknown,Grass,Colorado Plateau
UtahPJ,UNGR3,UNGR3.UtahPJ,"Unknown grass 3, UtahPJ",Unknown,Unknown,Grass,Utah
AguaFria,UNGR4,UNGR4.AguaFria,"Unknown grass 4, AguaFria",Unknown,Unknown,Grass,Colorado Plateau
MOWE,UNGR4,UNGR4.MOWE,"Unknown grass 4, MOWE",Unknown,Unknown,Grass,Colorado Plateau
Salt_Desert,UNGR4,UNGR4.Salt_Desert,"Unknown grass 4, Salt_Desert",Unknown,Unknown,Grass,Utah
UtahPJ,UNGR4,UNGR4.UtahPJ,"Unknown grass 4, UtahPJ",Unknown,Unknown,Grass,Utah
AguaFria,UNGR5,UNGR5.AguaFria,"Unknown grass 5, AguaFria",Unknown,Unknown,Grass,Colorado Plateau
Spiderweb,UNGR5,UNGR5.Spiderweb,"Unknown grass 5, Spiderweb",Unknown,Unknown,Grass,Colorado Plateau
Patagonia,UNGRS1,UNGRS1.Patagonia,"Unknown grass (SRER); Small tuft grass, bouteloua like growth, heads as nodes, Patagonia",Unknown,Unknown,Grass,Sonoran SE
SRER,UNGRS1,UNGRS1.SRER,"Unknown grass (Patagonia);Unk. grass seedling, bunchy, possible lovegrass?, SRER",Unknown,Unknown,Grass,Sonoran SE
Patagonia,UNGRS2,UNGRS2.Patagonia,"Unknown grass (Patagonia); Unk grass seedling, leaf divided early like BOGR, possible lovegrass?, Patagonia",Unknown,Unknown,Grass,Sonoran SE
Patagonia,UNGRS3,UNGRS3.Patagonia,"Unknown grass (Patagonia); Lighter green, thin leaves, possible threeawn?, Patagonia",Unknown,Unknown,Grass,Sonoran SE
SCC,UNK brown,UNK brown.SCC,"Unknown brown, SCC",Unknown,Unknown,Unknown,Sonoran Central
Preserve,Unk dark,Unk dark.Preserve,"Unknown dark, Preserve",Unknown,Unknown,Forb,Sonoran Central
SCC,Unk dark,Unk dark.SCC,"Unknown with dark hairy leaf and dark margin; resembles BAMU, SCC",Unknown,Unknown,Forb,Sonoran Central
Pleasant,Unk forb,Unk forb.Pleasant,"Unknown forb, Pleasant",Unknown,Unknown,Forb,Sonoran Central
Roosevelt,unk forb,unk forb.Roosevelt,"Unknown forb, Roosevelt",Unknown,Unknown,Forb,Sonoran Central
Mesquite,UNK Fuzzy astr,UNK Fuzzy astr.Mesquite,"Unknown fuzzy aster, Mesquite",Unknown,Unknown,Forb,Chihuahuan
Roosevelt,unk grass 1,unk grass 1.Roosevelt,"Unknown grass, Roosevelt",Unknown,Unknown,Grass,Sonoran Central
Roosevelt,Unk grass 1,Unk grass 1.Roosevelt,"Unknown grass, Roosevelt",Unknown,Unknown,Grass,Sonoran Central
Roosevelt,unk grass 2,unk grass 2.Roosevelt,"Unknown grass 2, Roosevelt",Unknown,Unknown,Grass,Sonoran Central
Mesquite,Unk Grass,Unk Grass.Mesquite,"Unknown grass, Mesquite",Unknown,Unknown,Grass,Chihuahuan
Pleasant,Unk grass,Unk grass.Pleasant,"Unknown grass, Pleasant",Unknown,Unknown,Grass,Sonoran Central
SCC,unk grass,unk grass.SCC,"Unknown grass, SCC",Unknown,Unknown,Grass,Sonoran Central
SCC,Unk grass,Unk grass.SCC,"Unknown likely associated with warm seed mix, SCC",Unknown,Unknown,Grass,Sonoran Central
Preserve,Unk heart,Unk heart.Preserve,"Unknown forb with heart-shaped cotyledon; possibly MAPA5 (although that species not seen growing there), Preserve",Unknown,Unknown,Forb,Sonoran Central
Preserve,UNK heart,UNK heart.Preserve,"Unknown forb with heart-shaped cotyledon; possibly MAPA5 (although that species not seen growing there), Preserve",Unknown,Unknown,Forb,Sonoran Central
Pleasant,Unk sp.,Unk sp..Pleasant,"Unknown species, Pleasant",Unknown,Unknown,Unknown,Sonoran Central
SCC,Unk sp.,Unk sp..SCC,"Unknown species, SCC",Unknown,Unknown,Unknown,Sonoran Central
Spiderweb,UNK_AMARANTH,UNK_AMARANTH.Spiderweb,"Unknown Amaranth, Spiderweb",Unknown,Unknown,Forb,Colorado Plateau
BabbittPJ,UnkAster,UnkAster.BabbittPJ,"Unknown aster, BabbittPJ",Unknown,Unknown,Forb,Colorado Plateau
Mesquite,Unkaster,Unkaster.Mesquite,"Unknown aster, Mesquite",Unknown,Unknown,Forb,Chihuahuan
PEFO,Unkaster,Unkaster.PEFO,"Unknown aster, PEFO",Unknown,Unknown,Forb,Colorado Plateau
Creosote,Unkastr2,Unkastr2.Creosote,"Unknown aster 2, Creosote",Unknown,Unknown,Forb,Chihuahuan
Mesquite,UnkATCA,UnkATCA.Mesquite,"Unknown shrub; Possible Atriplex canescens, Mesquite",Native,Perennial,Shrub,Chihuahuan
Creosote,Unkcrypt,Unkcrypt.Creosote,"Cryptantha spp., Creosote",Native,Unknown,Forb,Chihuahuan
Creosote,Unkfabaceae,Unkfabaceae.Creosote,"Unknown fabaceae, Creosote",Unknown,Unknown,Forb,Chihuahuan
Creosote,Unkforb,Unkforb.Creosote,"Unknown forb, Creosote",Unknown,Unknown,Forb,Chihuahuan
Mesquite,Unkforb,Unkforb.Mesquite,"Unknown forb, Mesquite",Native,Unknown,Forb,Chihuahuan
Mesquite,UnkForb,UnkForb.Mesquite,"Unknown forb, Mesquite",Native,Unknown,Forb,Chihuahuan
Creosote,Unkforb1,Unkforb1.Creosote,"Unknown forb, Creosote",Unknown,Unknown,Forb,Chihuahuan
Creosote,UnkForb1,UnkForb1.Creosote,"Unknown forb 1, Creosote",Unknown,Unknown,Forb,Chihuahuan
Mesquite,Unkforb1,Unkforb1.Mesquite,"Unknown forb1, Mesquite",Unknown,Unknown,Forb,Chihuahuan
Creosote,Unkforb3,Unkforb3.Creosote,"Unknown forb3, Creosote",Unknown,Unknown,Forb,Chihuahuan
Mesquite,Unkforbgreen,Unkforbgreen.Mesquite,"Unknown forbgreen, Mesquite",Unknown,Unknown,Forb,Chihuahuan
Mesquite,Unkforbwavy,Unkforbwavy.Mesquite,"Unknown forbwavy, Mesquite",Unknown,Unknown,Forb,Chihuahuan
Mesquite,Unkfuzzyaster,Unkfuzzyaster.Mesquite,"Unknown fuzzyaster, Mesquite",Unknown,Unknown,Forb,Chihuahuan
CRC,"Lots of unknown grasses, potentially S-PASM",UNKGR.CRC,"Lots of unknown grasses, potentially S-PASM, CRC",Unknown,Unknown,Grass,Utah
Creosote,Unkgrass,Unkgrass.Creosote,"Unknown grass, Creosote",Unknown,Unknown,Grass,Chihuahuan
Mesquite,Unkgrass,Unkgrass.Mesquite,"Unknown grass, Mesquite",Native,Unknown,Grass,Chihuahuan
Creosote,Unkgrass1,Unkgrass1.Creosote,"Unknown grass1, Creosote",Unknown,Unknown,Grass,Chihuahuan
Creosote,Unkgrass2,Unkgrass2.Creosote,"Unknown grass 2, Creosote",Unknown,Unknown,Grass,Chihuahuan
Mesquite,Unkhairygrass,Unkhairygrass.Mesquite,"Unknown hairy grass, Mesquite",Unknown,Unknown,Grass,Chihuahuan
Creosote,Unksalsola,Unksalsola.Creosote,"Unknown forb; A very small (tiny really) forb germinant that has linear leaves like a small Salsola would. Unlikely to be salsola but best way to distinguish it from other unks., Creosote",Unknown,Unknown,Forb,Chihuahuan
Creosote,Unksporo,Unksporo.Creosote,"Unknown grass; Sporobolus and Eragrostis, Creosote",Unknown,Unknown,Grass,Chihuahuan
Mesquite,Unksporo,Unksporo.Mesquite,"Unknown grass; Sporobolus and Eragrostis, Mesquite",Unknown,Unknown,Grass,Chihuahuan
Mesquite,Unksporob,Unksporob.Mesquite,"Sporobolus spp., Mesquite",Native,Unknown,Grass,Chihuahuan
SRER,UNSFF,UNSFF.SRER,"Unknown shrubby fuzzy forb, munched down, SRER",Unknown,Unknown,Grass,Sonoran SE
BarTBar,UNSH,UNSH.BarTBar,"Unknown shrub, BarTBar",Unknown,Perennial,Shrub,Colorado Plateau
