CodeOriginal,DuplicateNum,Code,Name,Native,Duration,Lifeform,Region
none seeded,NA,0,0,0,0,0,NA
None seeded,NA,0,0,0,0,0,NA
Not recorded,NA,0,0,0,0,0,NA
Possible Poa secunda POSE just outside of NE plot corner but not in/overhanging yet due to small size,NA,0,0,0,0,0,NA
none seeded,NA,0,0,0,0,0,Sonoran SE
None seeded,NA,0,0,0,0,0,Sonoran SE
Not recorded,NA,0,0,0,0,0,Utah
0,NA,0,0,0,0,0,NA
ABPA3,NA,ABPA3,Abutilon parvulum,Native,Perennial,Forb,NA
"ARPU many individuals, BAMU 1 individual, PLMU (2) 1 individual, ACHY (2) 1 individual",4,ACHY,Achnatherum hymenoides,Native,Perennial,Grass,NA
"Medium SECO in/near NW pit with a couple tiny seedlings scattered throughout, medium BAMU in the middle, a few small to medium/large ARPUs sprinkled throughout, possibly a small ACHY in SE section (wirey leaf blades that clasp the stem, hairs at the node, only one seed head but similar to examples)",4,ACHY,Achnatherum hymenoides,Native,Perennial,Grass,NA
"Multiple ARPUs small to large sized throughout, possible ACHY in the SE pit, and a couple teeny tiny SECOs in/around some of the pits",2,ACHY,Achnatherum hymenoides,Native,Perennial,Grass,NA
Possible ACHY near southwest corner (2 certainty) and about 10 ARPU small to medium in size with 2 of them next to the subplot but not quite in,1,ACHY,Achnatherum hymenoides,Native,Perennial,Grass,NA
"ARPU many individuals, BAMU 1 individual, PLMU (2) 1 individual, ACHY (2) 1 individual",4,ACHY,Achnatherum hymenoides,Native,Perennial,Grass,Sonoran SE
"Medium SECO in/near NW pit with a couple tiny seedlings scattered throughout, medium BAMU in the middle, a few small to medium/large ARPUs sprinkled throughout, possibly a small ACHY in SE section (wirey leaf blades that clasp the stem, hairs at the node, only one seed head but similar to examples)",4,ACHY,Achnatherum hymenoides,Native,Perennial,Grass,Sonoran SE
"Multiple ARPUs small to large sized throughout, possible ACHY in the SE pit, and a couple teeny tiny SECOs in/around some of the pits",2,ACHY,Achnatherum hymenoides,Native,Perennial,Grass,Sonoran SE
Possible ACHY near southwest corner (2 certainty) and about 10 ARPU small to medium in size with 2 of them next to the subplot but not quite in,1,ACHY,Achnatherum hymenoides,Native,Perennial,Grass,Sonoran SE
ACHY,NA,ACHY,Achnatherum hymenoides,Native,Perennial,Grass,NA
ACMI2,NA,ACMI2,Achillea millefolium,Native,Perennial,Forb,NA
ACMIS,NA,ACMIS,Acmispon (Lotus),Native,Unknown,Forb,NA
ACNA2,NA,ACNA2,Acourtia nana,Native,Perennial,Forb,NA
ALIN,NA,ALIN,Allionia incarnata,Native,Unknown,Forb,NA
AMCH3,NA,AMCH3,Ammocodon chenopodioides,Native,Perennial,Forb,NA
AMCO3,NA,AMCO3,Ambrosia confertiflora,Native,Perennial,Forb,NA
AMDE4,NA,AMDE4,Ambrosia deltoidea,Native,Perennial,Shrub,NA
AMDU2,NA,AMDU2,Ambrosia dumosa,Native,Perennial,Shrub,NA
AMMEI2,NA,AMMEI2,Amsinckia menziesii,Native,Annual,Forb,NA
AMPA,NA,AMPA,Amaranthus palmeri,Native,Annual,Forb,NA
AMSIN,NA,AMSIN,Amsinckia,Native,Annual,Forb,NA
AMTE3,NA,AMTE3,Amsinckia tessellata,Native,Annual,Forb,NA
AMTO3,NA,AMTO3,Ambrosia tomentosa,Native,Perennial,Forb,NA
ANCR2,NA,ANCR2,Anoda cristata,Native,Annual,Forb,NA
ARAD,NA,ARAD,Aristida adscensionis,Native,Annual,Grass,NA
ARFR4,NA,ARFR4,Artemisia frigida,Native,Perennial,Shrub,NA
ARNE2,NA,ARNE2,Argythamnia neomexicana,Native,Unknown,Forb,NA
1 full BOCU (3) in the northwest corner. A couple potentially smaller grazed down ones throughout as well as a couple potential ARPUs (2),2,ARPU9,Aristida purpurea,Native,Perennial,Grass,NA
3 individual ARPUs  and a BOCU,1,ARPU9,Aristida purpurea,Native,Perennial,Grass,NA
3 small ARPUs 1 on north border of subplot and other 2 in southwest section of plot,NA,ARPU9,Aristida purpurea,Native,Perennial,Grass,NA
A couple BOCUs and a couple potential BOCU nubs and a possible ARPU,2,ARPU9,Aristida purpurea,Native,Perennial,Grass,NA
A few ARPUs and young BOCUs mostly near/in the south half except for a smaller ARPU in the northwest and a BAMU just north of subplot,1,ARPU9,Aristida purpurea,Native,Perennial,Grass,NA
ARPU a few individuals,NA,ARPU9,Aristida purpurea,Native,Perennial,Grass,NA
ARPU a few small tufts and 1 taller,NA,ARPU9,Aristida purpurea,Native,Perennial,Grass,NA
ARPU about 5 individuals and an individual BAMU resprouting at base,1,ARPU9,Aristida purpurea,Native,Perennial,Grass,NA
"ARPU many individuals, BAMU 1 individual, PLMU (2) 1 individual, ACHY (2) 1 individual",1,ARPU9,Aristida purpurea,Native,Perennial,Grass,NA
ARPU many small tufts and some with seed,NA,ARPU9,Aristida purpurea,Native,Perennial,Grass,NA
ARPU multiple individuals,NA,ARPU9,Aristida purpurea,Native,Perennial,Grass,NA
ARPU numerous individuals,NA,ARPU9,Aristida purpurea,Native,Perennial,Grass,NA
ARPU small tufts and a tall individual,NA,ARPU9,Aristida purpurea,Native,Perennial,Grass,NA
ARPUP6,NA,ARPU9,Aristida purpurea,Native,Perennial,Grass,NA
At least 10 ARPUs throughout small to large in size,NA,ARPU9,Aristida purpurea,Native,Perennial,Grass,NA
Couple big ARPUs and a few small ones throughout,NA,ARPU9,Aristida purpurea,Native,Perennial,Grass,NA
Couple medium sized ARPUs (not completely sure 2/3 on certainty of ID) and a large BOCU right next to the NW plot marker rooted just outside of the plot but some overhangs into the plot,1,ARPU9,Aristida purpurea,Native,Perennial,Grass,NA
Couple small to medium ARPUs throughout and a couple small SECOs in N half of the plot typically hidden under/using ERCU as a shade plant,1,ARPU9,Aristida purpurea,Native,Perennial,Grass,NA
"Medium SECO in/near NW pit with a couple tiny seedlings scattered throughout, medium BAMU in the middle, a few small to medium/large ARPUs sprinkled throughout, possibly a small ACHY in SE section (wirey leaf blades that clasp the stem, hairs at the node, only one seed head but similar to examples)",3,ARPU9,Aristida purpurea,Native,Perennial,Grass,NA
Medium sized BOCU and ARPU,2,ARPU9,Aristida purpurea,Native,Perennial,Grass,NA
Medium to large ARPUs throughout and a couple small and medium BOCUs near the N conmods and a few teeny tiny SECOs near conmods as well,1,ARPU9,Aristida purpurea,Native,Perennial,Grass,NA
"Multiple ARPUs small to large sized throughout, possible ACHY in the SE pit, and a couple teeny tiny SECOs in/around some of the pits",1,ARPU9,Aristida purpurea,Native,Perennial,Grass,NA
Multiple BOCU's medium-large and a possible medium sized ARPU,2,ARPU9,Aristida purpurea,Native,Perennial,Grass,NA
Multiple med to extra large BOCUs and a few small to large ARPUs,2,ARPU9,Aristida purpurea,Native,Perennial,Grass,NA
Multiple medium to extra large ARPUs and large BAMU along the N edge of the plot along with possible tiny seedlings in same pits,1,ARPU9,Aristida purpurea,Native,Perennial,Grass,NA
Multiple medium to large ARPU and small/medium BOCU near the NE corner and a couple tiny SECOs,1,ARPU9,Aristida purpurea,Native,Perennial,Grass,NA
Multiple small to large ARPUs throughout along with a large BAMU in center and a medium sized BOCU in the NW section,1,ARPU9,Aristida purpurea,Native,Perennial,Grass,NA
Multiple small to medium ARPUs and BOCUs along with a possible PLMU (rough feeling leaves and similar seeds) with a couple small/medium BAMU that are in or near the N half of the pits and a couple small SECO seedlings sprinkled throughout,1,ARPU9,Aristida purpurea,Native,Perennial,Grass,NA
Possible ACHY near southwest corner (2 certainty) and about 10 ARPU small to medium in size with 2 of them next to the subplot but not quite in,2,ARPU9,Aristida purpurea,Native,Perennial,Grass,NA
"Possible ARPUs, SECO seedling in subplot",1,ARPU9,Aristida purpurea,Native,Perennial,Grass,NA
"Possible couple small ASTUs along with multiple medium to extra large ARPUs, possibly a few BAMU seedlings as well as a couple tiny to small SECOs throughout",2,ARPU9,Aristida purpurea,Native,Perennial,Grass,NA
Possible young BOCU and ARPU but no seed heads yet therfor unsure ifit is than seeded species cover is 1% but if not it's trace amount because of a few SECOs all found in or near pits,1,ARPU9,Aristida purpurea,Native,Perennial,Grass,NA
Small to large ARPUs and BOCUs along with a couple small SECOs as well as a possible PLMU in the middle (rough feeling and membranous ligule but no seed heads),1,ARPU9,Aristida purpurea,Native,Perennial,Grass,NA
Small to large ARPUs throughout along with a tiny baby SECO seedling in SE section,1,ARPU9,Aristida purpurea,Native,Perennial,Grass,NA
Small to large ARPUs throughout and a couple of small SECOs,1,ARPU9,Aristida purpurea,Native,Perennial,Grass,NA
Small to medium ARPUs throughout and a few tiny to small SECOs mostly near the conmods,1,ARPU9,Aristida purpurea,Native,Perennial,Grass,NA
Small to medium ARPUs throughout and small/medium BAMU near the NE edge,1,ARPU9,Aristida purpurea,Native,Perennial,Grass,NA
Small to medium/large ARPUs throughout especially in the S half of the plot,NA,ARPU9,Aristida purpurea,Native,Perennial,Grass,NA
Small/medium to large ARPUs and small to large BOCU throughout,1,ARPU9,Aristida purpurea,Native,Perennial,Grass,NA
Some type of Aristida possibly and ARPU and maybe 1 small maybe BOCU near subplot that's been grazed down,1,ARPU9,Aristida purpurea,Native,Perennial,Grass,NA
Southwest pit has 1 BAMU and 4 small ARPUs. Northwest pit has 2 medium and 2 small ARPUs and 1 dreid up SECO. There are a few more small to medium sized ARPUs throughout,2,ARPU9,Aristida purpurea,Native,Perennial,Grass,NA
1 full BOCU (3) in the northwest corner. A couple potentially smaller grazed down ones throughout as well as a couple potential ARPUs (2),2,ARPU9,Aristida purpurea,Native,Perennial,Grass,Sonoran SE
3 individual ARPUs  and a BOCU,1,ARPU9,Aristida purpurea,Native,Perennial,Grass,Sonoran SE
3 small ARPUs 1 on north border of subplot and other 2 in southwest section of plot,NA,ARPU9,Aristida purpurea,Native,Perennial,Grass,Sonoran SE
A couple BOCUs and a couple potential BOCU nubs and a possible ARPU,2,ARPU9,Aristida purpurea,Native,Perennial,Grass,Sonoran SE
A few ARPUs and young BOCUs mostly near/in the south half except for a smaller ARPU in the northwest and a BAMU just north of subplot,1,ARPU9,Aristida purpurea,Native,Perennial,Grass,Sonoran SE
ARPU a few individuals,NA,ARPU9,Aristida purpurea,Native,Perennial,Grass,Sonoran SE
ARPU a few small tufts and 1 taller,NA,ARPU9,Aristida purpurea,Native,Perennial,Grass,Sonoran SE
ARPU about 5 individuals and an individual BAMU resprouting at base,1,ARPU9,Aristida purpurea,Native,Perennial,Grass,Sonoran SE
"ARPU many individuals, BAMU 1 individual, PLMU (2) 1 individual, ACHY (2) 1 individual",1,ARPU9,Aristida purpurea,Native,Perennial,Grass,Sonoran SE
ARPU many small tufts and some with seed,NA,ARPU9,Aristida purpurea,Native,Perennial,Grass,Sonoran SE
ARPU multiple individuals,NA,ARPU9,Aristida purpurea,Native,Perennial,Grass,Sonoran SE
ARPU numerous individuals,NA,ARPU9,Aristida purpurea,Native,Perennial,Grass,Sonoran SE
ARPU small tufts and a tall individual,NA,ARPU9,Aristida purpurea,Native,Perennial,Grass,Sonoran SE
ARPUP6,NA,ARPU9,Aristida purpurea,Native,Perennial,Grass,Sonoran Central
At least 10 ARPUs throughout small to large in size,NA,ARPU9,Aristida purpurea,Native,Perennial,Grass,Sonoran SE
Couple big ARPUs and a few small ones throughout,NA,ARPU9,Aristida purpurea,Native,Perennial,Grass,Sonoran SE
Couple medium sized ARPUs (not completely sure 2/3 on certainty of ID) and a large BOCU right next to the NW plot marker rooted just outside of the plot but some overhangs into the plot,1,ARPU9,Aristida purpurea,Native,Perennial,Grass,Sonoran SE
Couple small to medium ARPUs throughout and a couple small SECOs in N half of the plot typically hidden under/using ERCU as a shade plant,1,ARPU9,Aristida purpurea,Native,Perennial,Grass,Sonoran SE
"Medium SECO in/near NW pit with a couple tiny seedlings scattered throughout, medium BAMU in the middle, a few small to medium/large ARPUs sprinkled throughout, possibly a small ACHY in SE section (wirey leaf blades that clasp the stem, hairs at the node, only one seed head but similar to examples)",3,ARPU9,Aristida purpurea,Native,Perennial,Grass,Sonoran SE
Medium sized BOCU and ARPU,2,ARPU9,Aristida purpurea,Native,Perennial,Grass,Sonoran SE
Medium to large ARPUs throughout and a couple small and medium BOCUs near the N conmods and a few teeny tiny SECOs near conmods as well,1,ARPU9,Aristida purpurea,Native,Perennial,Grass,Sonoran SE
"Multiple ARPUs small to large sized throughout, possible ACHY in the SE pit, and a couple teeny tiny SECOs in/around some of the pits",1,ARPU9,Aristida purpurea,Native,Perennial,Grass,Sonoran SE
Multiple BOCU's medium-large and a possible medium sized ARPU,2,ARPU9,Aristida purpurea,Native,Perennial,Grass,Sonoran SE
Multiple med to extra large BOCUs and a few small to large ARPUs,2,ARPU9,Aristida purpurea,Native,Perennial,Grass,Sonoran SE
Multiple medium to extra large ARPUs and large BAMU along the N edge of the plot along with possible tiny seedlings in same pits,1,ARPU9,Aristida purpurea,Native,Perennial,Grass,Sonoran SE
Multiple medium to large ARPU and small/medium BOCU near the NE corner and a couple tiny SECOs,1,ARPU9,Aristida purpurea,Native,Perennial,Grass,Sonoran SE
Multiple small to large ARPUs throughout along with a large BAMU in center and a medium sized BOCU in the NW section,1,ARPU9,Aristida purpurea,Native,Perennial,Grass,Sonoran SE
Multiple small to medium ARPUs and BOCUs along with a possible PLMU (rough feeling leaves and similar seeds) with a couple small/medium BAMU that are in or near the N half of the pits and a couple small SECO seedlings sprinkled throughout,1,ARPU9,Aristida purpurea,Native,Perennial,Grass,Sonoran SE
Possible ACHY near southwest corner (2 certainty) and about 10 ARPU small to medium in size with 2 of them next to the subplot but not quite in,2,ARPU9,Aristida purpurea,Native,Perennial,Grass,Sonoran SE
"Possible ARPUs, SECO seedling in subplot",1,ARPU9,Aristida purpurea,Native,Perennial,Grass,Sonoran SE
"Possible couple small ASTUs along with multiple medium to extra large ARPUs, possibly a few BAMU seedlings as well as a couple tiny to small SECOs throughout",2,ARPU9,Aristida purpurea,Native,Perennial,Grass,Sonoran SE
Possible young BOCU and ARPU but no seed heads yet therfor unsure ifit is than seeded species cover is 1% but if not it's trace amount because of a few SECOs all found in or near pits,1,ARPU9,Aristida purpurea,Native,Perennial,Grass,Sonoran SE
Small to large ARPUs and BOCUs along with a couple small SECOs as well as a possible PLMU in the middle (rough feeling and membranous ligule but no seed heads),1,ARPU9,Aristida purpurea,Native,Perennial,Grass,Sonoran SE
Small to large ARPUs throughout along with a tiny baby SECO seedling in SE section,1,ARPU9,Aristida purpurea,Native,Perennial,Grass,Sonoran SE
Small to large ARPUs throughout and a couple of small SECOs,1,ARPU9,Aristida purpurea,Native,Perennial,Grass,Sonoran SE
Small to medium ARPUs throughout and a few tiny to small SECOs mostly near the conmods,1,ARPU9,Aristida purpurea,Native,Perennial,Grass,Sonoran SE
Small to medium ARPUs throughout and small/medium BAMU near the NE edge,1,ARPU9,Aristida purpurea,Native,Perennial,Grass,Sonoran SE
Small to medium/large ARPUs throughout especially in the S half of the plot,NA,ARPU9,Aristida purpurea,Native,Perennial,Grass,Sonoran SE
Small/medium to large ARPUs and small to large BOCU throughout,1,ARPU9,Aristida purpurea,Native,Perennial,Grass,Sonoran SE
Some type of Aristida possibly and ARPU and maybe 1 small maybe BOCU near subplot that's been grazed down,1,ARPU9,Aristida purpurea,Native,Perennial,Grass,Sonoran SE
Southwest pit has 1 BAMU and 4 small ARPUs. Northwest pit has 2 medium and 2 small ARPUs and 1 dreid up SECO. There are a few more small to medium sized ARPUs throughout,2,ARPU9,Aristida purpurea,Native,Perennial,Grass,Sonoran SE
ARPU9,NA,ARPU9,Aristida purpurea,Native,Perennial,Grass,NA
ARTE3,NA,ARTE3,Aristida ternipes,Native,Perennial,Grass,NA
ARWA,NA,ARWA,Aristolochia watsonii,Native,Perennial,Forb,NA
ASNU4,NA,ASNU4,Astragalus nuttallianus,Native,Unknown,Forb,NA
ASNU5,NA,ASNU5,Astragalus nuttallii,Introduced,Perennial,Forb,NA
"Possible couple small ASTUs along with multiple medium to extra large ARPUs, possibly a few BAMU seedlings as well as a couple tiny to small SECOs throughout",1,ASTU,Asclepias tuberosa,Native,Perennial,Forb,NA
Possibly a young ASTU if not seeded species cover is 0%,NA,ASTU,Asclepias tuberosa,Native,Perennial,Forb,NA
Quite a few small tp extra large BOCUs throughout along with a possible ASTU,2,ASTU,Asclepias tuberosa,Native,Perennial,Forb,NA
"Possible couple small ASTUs along with multiple medium to extra large ARPUs, possibly a few BAMU seedlings as well as a couple tiny to small SECOs throughout",1,ASTU,Asclepias tuberosa,Native,Perennial,Forb,Sonoran SE
Possibly a young ASTU if not seeded species cover is 0%,NA,ASTU,Asclepias tuberosa,Native,Perennial,Forb,Sonoran SE
Quite a few small tp extra large BOCUs throughout along with a possible ASTU,2,ASTU,Asclepias tuberosa,Native,Perennial,Forb,Sonoran SE
ASTU,NA,ASTU,Asclepias tuberosa,Native,Perennial,Forb,NA
ATCA2,NA,ATCA2,Atriplex canescens,Native,Perennial,Shrub,NA
ATCO,NA,ATCO,Atriplex confertifolia,Native,Perennial,Shrub,NA
AVFA,NA,AVFA,Avena fatua,Introduced,Annual,Grass,NA
BAAB,NA,BAAB,Bahia absinthifolia,Native,Perennial,Forb,NA
BAHI,NA,BAHI,Balsamorhiza hookeri,Native,Perennial,Forb,NA
A few ARPUs and young BOCUs mostly near/in the south half except for a smaller ARPU in the northwest and a BAMU just north of subplot,3,BAMU,Baileya multiradiata,Native,Unknown,Forb,NA
ARPU about 5 individuals and an individual BAMU resprouting at base,2,BAMU,Baileya multiradiata,Native,Unknown,Forb,NA
"ARPU many individuals, BAMU 1 individual, PLMU (2) 1 individual, ACHY (2) 1 individual",2,BAMU,Baileya multiradiata,Native,Unknown,Forb,NA
"Medium SECO in/near NW pit with a couple tiny seedlings scattered throughout, medium BAMU in the middle, a few small to medium/large ARPUs sprinkled throughout, possibly a small ACHY in SE section (wirey leaf blades that clasp the stem, hairs at the node, only one seed head but similar to examples)",2,BAMU,Baileya multiradiata,Native,Unknown,Forb,NA
Multiple small to medium ARPUs and BOCUs along with a possible PLMU (rough feeling leaves and similar seeds) with a couple small/medium BAMU that are in or near the N half of the pits and a couple small SECO seedlings sprinkled throughout,4,BAMU,Baileya multiradiata,Native,Unknown,Forb,NA
"Possible couple small ASTUs along with multiple medium to extra large ARPUs, possibly a few BAMU seedlings as well as a couple tiny to small SECOs throughout",3,BAMU,Baileya multiradiata,Native,Unknown,Forb,NA
Small to medium ARPUs throughout and small/medium BAMU near the NE edge,2,BAMU,Baileya multiradiata,Native,Unknown,Forb,NA
Southwest pit has 1 BAMU and 4 small ARPUs. Northwest pit has 2 medium and 2 small ARPUs and 1 dreid up SECO. There are a few more small to medium sized ARPUs throughout,1,BAMU,Baileya multiradiata,Native,Unknown,Forb,NA
A few ARPUs and young BOCUs mostly near/in the south half except for a smaller ARPU in the northwest and a BAMU just north of subplot,3,BAMU,Baileya multiradiata,Native,Unknown,Forb,Sonoran SE
ARPU about 5 individuals and an individual BAMU resprouting at base,2,BAMU,Baileya multiradiata,Native,Unknown,Forb,Sonoran SE
"ARPU many individuals, BAMU 1 individual, PLMU (2) 1 individual, ACHY (2) 1 individual",2,BAMU,Baileya multiradiata,Native,Unknown,Forb,Sonoran SE
"Medium SECO in/near NW pit with a couple tiny seedlings scattered throughout, medium BAMU in the middle, a few small to medium/large ARPUs sprinkled throughout, possibly a small ACHY in SE section (wirey leaf blades that clasp the stem, hairs at the node, only one seed head but similar to examples)",2,BAMU,Baileya multiradiata,Native,Unknown,Forb,Sonoran SE
Multiple small to medium ARPUs and BOCUs along with a possible PLMU (rough feeling leaves and similar seeds) with a couple small/medium BAMU that are in or near the N half of the pits and a couple small SECO seedlings sprinkled throughout,4,BAMU,Baileya multiradiata,Native,Unknown,Forb,Sonoran SE
"Possible couple small ASTUs along with multiple medium to extra large ARPUs, possibly a few BAMU seedlings as well as a couple tiny to small SECOs throughout",3,BAMU,Baileya multiradiata,Native,Unknown,Forb,Sonoran SE
Small to medium ARPUs throughout and small/medium BAMU near the NE edge,2,BAMU,Baileya multiradiata,Native,Unknown,Forb,Sonoran SE
Southwest pit has 1 BAMU and 4 small ARPUs. Northwest pit has 2 medium and 2 small ARPUs and 1 dreid up SECO. There are a few more small to medium sized ARPUs throughout,1,BAMU,Baileya multiradiata,Native,Unknown,Forb,Sonoran SE
BAMU,NA,BAMU,Baileya multiradiata,Native,Unknown,Forb,NA
BOAR,NA,BOAR,Bouteloua aristidoides,Native,Annual,Grass,NA
BOBA2,NA,BOBA2,Bouteloua barbata,Native,Annual,Grass,NA
BOUBAR,NA,BOBAB3,Bouteloua barbata v. barbata,Native,Annual,Grass,NA
BOUBAR,NA,BOBAB3,Bouteloua barbata v. barbata,Native,Annual,Grass,Colorado Plateau
BOBAB3,NA,BOBAB3,Bouteloua barbata v. barbata,Native,Annual,Grass,NA
BOCO,NA,BOCO,Boerhavia coccinea,Native,Perennial,Forb,NA
1 BOCU,NA,BOCU,Bouteloua curtipendula,Native,Perennial,Grass,NA
1 full BOCU (3) in the northwest corner. A couple potentially smaller grazed down ones throughout as well as a couple potential ARPUs (2),1,BOCU,Bouteloua curtipendula,Native,Perennial,Grass,NA
3 individual ARPUs  and a BOCU,2,BOCU,Bouteloua curtipendula,Native,Perennial,Grass,NA
A couple BOCUs and a couple potential BOCU nubs and a possible ARPU,1,BOCU,Bouteloua curtipendula,Native,Perennial,Grass,NA
A few ARPUs and young BOCUs mostly near/in the south half except for a smaller ARPU in the northwest and a BAMU just north of subplot,2,BOCU,Bouteloua curtipendula,Native,Perennial,Grass,NA
Couple extra large BOCUs,NA,BOCU,Bouteloua curtipendula,Native,Perennial,Grass,NA
Couple medium sized ARPUs (not completely sure 2/3 on certainty of ID) and a large BOCU right next to the NW plot marker rooted just outside of the plot but some overhangs into the plot,2,BOCU,Bouteloua curtipendula,Native,Perennial,Grass,NA
Extra large BOCU,NA,BOCU,Bouteloua curtipendula,Native,Perennial,Grass,NA
Extra large to medium large BOCUs throughout and at least 2 tiny SECO near/in SE pit and NE/subplot pit,1,BOCU,Bouteloua curtipendula,Native,Perennial,Grass,NA
Large and medium BOCUs in plot,NA,BOCU,Bouteloua curtipendula,Native,Perennial,Grass,NA
Large BOCU in the southeast with a few small ones throughout and about 5 ARPUs small to large in size that're mostly near the conmods,1,BOCU,Bouteloua curtipendula,Native,Perennial,Grass,NA
Medium BOCU mostly rooted outside of the SW side of the plot butr partially in with some overhang,NA,BOCU,Bouteloua curtipendula,Native,Perennial,Grass,NA
Medium sized BOCU and ARPU,1,BOCU,Bouteloua curtipendula,Native,Perennial,Grass,NA
Medium to large ARPUs throughout and a couple small and medium BOCUs near the N conmods and a few teeny tiny SECOs near conmods as well,2,BOCU,Bouteloua curtipendula,Native,Perennial,Grass,NA
More of what we called BOCU in last plot,NA,BOCU,Bouteloua curtipendula,Native,Perennial,Grass,NA
Multiple BOCU's medium-large and a possible medium sized ARPU,1,BOCU,Bouteloua curtipendula,Native,Perennial,Grass,NA
Multiple med to extra large BOCUs and a few small to large ARPUs,1,BOCU,Bouteloua curtipendula,Native,Perennial,Grass,NA
Multiple medium to extra large ARPUs and large BAMU along the N edge of the plot along with possible tiny seedlings in same pits,2,BOCU,Bouteloua curtipendula,Native,Perennial,Grass,NA
Multiple medium to large ARPU and small/medium BOCU near the NE corner and a couple tiny SECOs,2,BOCU,Bouteloua curtipendula,Native,Perennial,Grass,NA
Multiple small to large ARPUs throughout along with a large BAMU in center and a medium sized BOCU in the NW section,2,BOCU,Bouteloua curtipendula,Native,Perennial,Grass,NA
Multiple small to medium ARPUs and BOCUs along with a possible PLMU (rough feeling leaves and similar seeds) with a couple small/medium BAMU that are in or near the N half of the pits and a couple small SECO seedlings sprinkled throughout,2,BOCU,Bouteloua curtipendula,Native,Perennial,Grass,NA
Possible BOCUs but not in this mix,NA,BOCU,Bouteloua curtipendula,Native,Perennial,Grass,NA
Possible young BOCU and ARPU but no seed heads yet therfor unsure ifit is than seeded species cover is 1% but if not it's trace amount because of a few SECOs all found in or near pits,2,BOCU,Bouteloua curtipendula,Native,Perennial,Grass,NA
Possibly 2 BOCUs (2 certainty) but very little green left to help identify,NA,BOCU,Bouteloua curtipendula,Native,Perennial,Grass,NA
Possibly a BOCU but has been grazed down completely and hard to confirm,NA,BOCU,Bouteloua curtipendula,Native,Perennial,Grass,NA
Potentially 3 or 4 BOCU (1 certainty) and possibly an ARPU (2) or othe ARsp. hard to be certain because all the grasses have been grazed down to nubs,1,BOCU,Bouteloua curtipendula,Native,Perennial,Grass,NA
Probable BOCUs with apparent grazing,NA,BOCU,Bouteloua curtipendula,Native,Perennial,Grass,NA
Quite a few small tp extra large BOCUs throughout along with a possible ASTU,1,BOCU,Bouteloua curtipendula,Native,Perennial,Grass,NA
Small to large ARPUs and BOCUs along with a couple small SECOs as well as a possible PLMU in the middle (rough feeling and membranous ligule but no seed heads),2,BOCU,Bouteloua curtipendula,Native,Perennial,Grass,NA
Small/medium to large ARPUs and small to large BOCU throughout,2,BOCU,Bouteloua curtipendula,Native,Perennial,Grass,NA
1 BOCU,NA,BOCU,Bouteloua curtipendula,Native,Perennial,Grass,Sonoran SE
1 full BOCU (3) in the northwest corner. A couple potentially smaller grazed down ones throughout as well as a couple potential ARPUs (2),1,BOCU,Bouteloua curtipendula,Native,Perennial,Grass,Sonoran SE
3 individual ARPUs  and a BOCU,2,BOCU,Bouteloua curtipendula,Native,Perennial,Grass,Sonoran SE
A couple BOCUs and a couple potential BOCU nubs and a possible ARPU,1,BOCU,Bouteloua curtipendula,Native,Perennial,Grass,Sonoran SE
A few ARPUs and young BOCUs mostly near/in the south half except for a smaller ARPU in the northwest and a BAMU just north of subplot,2,BOCU,Bouteloua curtipendula,Native,Perennial,Grass,Sonoran SE
Couple extra large BOCUs,NA,BOCU,Bouteloua curtipendula,Native,Perennial,Grass,Sonoran SE
Couple medium sized ARPUs (not completely sure 2/3 on certainty of ID) and a large BOCU right next to the NW plot marker rooted just outside of the plot but some overhangs into the plot,2,BOCU,Bouteloua curtipendula,Native,Perennial,Grass,Sonoran SE
Extra large BOCU,NA,BOCU,Bouteloua curtipendula,Native,Perennial,Grass,Sonoran SE
Extra large to medium large BOCUs throughout and at least 2 tiny SECO near/in SE pit and NE/subplot pit,1,BOCU,Bouteloua curtipendula,Native,Perennial,Grass,Sonoran SE
Large and medium BOCUs in plot,NA,BOCU,Bouteloua curtipendula,Native,Perennial,Grass,Sonoran SE
Large BOCU in the southeast with a few small ones throughout and about 5 ARPUs small to large in size that're mostly near the conmods,1,BOCU,Bouteloua curtipendula,Native,Perennial,Grass,Sonoran SE
Medium BOCU mostly rooted outside of the SW side of the plot butr partially in with some overhang,NA,BOCU,Bouteloua curtipendula,Native,Perennial,Grass,Sonoran SE
Medium sized BOCU and ARPU,1,BOCU,Bouteloua curtipendula,Native,Perennial,Grass,Sonoran SE
Medium to large ARPUs throughout and a couple small and medium BOCUs near the N conmods and a few teeny tiny SECOs near conmods as well,2,BOCU,Bouteloua curtipendula,Native,Perennial,Grass,Sonoran SE
More of what we called BOCU in last plot,NA,BOCU,Bouteloua curtipendula,Native,Perennial,Grass,Sonoran SE
Multiple BOCU's medium-large and a possible medium sized ARPU,1,BOCU,Bouteloua curtipendula,Native,Perennial,Grass,Sonoran SE
Multiple med to extra large BOCUs and a few small to large ARPUs,1,BOCU,Bouteloua curtipendula,Native,Perennial,Grass,Sonoran SE
Multiple medium to extra large ARPUs and large BAMU along the N edge of the plot along with possible tiny seedlings in same pits,2,BOCU,Bouteloua curtipendula,Native,Perennial,Grass,Sonoran SE
Multiple medium to large ARPU and small/medium BOCU near the NE corner and a couple tiny SECOs,2,BOCU,Bouteloua curtipendula,Native,Perennial,Grass,Sonoran SE
Multiple small to large ARPUs throughout along with a large BAMU in center and a medium sized BOCU in the NW section,2,BOCU,Bouteloua curtipendula,Native,Perennial,Grass,Sonoran SE
Multiple small to medium ARPUs and BOCUs along with a possible PLMU (rough feeling leaves and similar seeds) with a couple small/medium BAMU that are in or near the N half of the pits and a couple small SECO seedlings sprinkled throughout,2,BOCU,Bouteloua curtipendula,Native,Perennial,Grass,Sonoran SE
Possible BOCUs but not in this mix,NA,BOCU,Bouteloua curtipendula,Native,Perennial,Grass,Sonoran SE
Possible young BOCU and ARPU but no seed heads yet therfor unsure ifit is than seeded species cover is 1% but if not it's trace amount because of a few SECOs all found in or near pits,2,BOCU,Bouteloua curtipendula,Native,Perennial,Grass,Sonoran SE
Possibly 2 BOCUs (2 certainty) but very little green left to help identify,NA,BOCU,Bouteloua curtipendula,Native,Perennial,Grass,Sonoran SE
Possibly a BOCU but has been grazed down completely and hard to confirm,NA,BOCU,Bouteloua curtipendula,Native,Perennial,Grass,Sonoran SE
Potentially 3 or 4 BOCU (1 certainty) and possibly an ARPU (2) or othe ARsp. hard to be certain because all the grasses have been grazed down to nubs,1,BOCU,Bouteloua curtipendula,Native,Perennial,Grass,Sonoran SE
Probable BOCUs with apparent grazing,NA,BOCU,Bouteloua curtipendula,Native,Perennial,Grass,Sonoran SE
Quite a few small tp extra large BOCUs throughout along with a possible ASTU,1,BOCU,Bouteloua curtipendula,Native,Perennial,Grass,Sonoran SE
Small to large ARPUs and BOCUs along with a couple small SECOs as well as a possible PLMU in the middle (rough feeling and membranous ligule but no seed heads),2,BOCU,Bouteloua curtipendula,Native,Perennial,Grass,Sonoran SE
Small/medium to large ARPUs and small to large BOCU throughout,2,BOCU,Bouteloua curtipendula,Native,Perennial,Grass,Sonoran SE
BOCU,NA,BOCU,Bouteloua curtipendula,Native,Perennial,Grass,NA
BOER,NA,BOER4,Bouteloua eriopoda,Native,Perennial,Grass,NA
BOER (2 certainty) on edge of the southwest pit,NA,BOER4,Bouteloua eriopoda,Native,Perennial,Grass,NA
BOER in center/near southwest conmod possibly 5-8,NA,BOER4,Bouteloua eriopoda,Native,Perennial,Grass,NA
Extra large BOER in S half and medium sized one next to NE plot  corner that partially hangs in and at least 2 small ones within the plot as well,NA,BOER4,Bouteloua eriopoda,Native,Perennial,Grass,NA
BOER,NA,BOER4,Bouteloua eriopoda,Native,Perennial,Grass,Chihuahuan
BOER (2 certainty) on edge of the southwest pit,NA,BOER4,Bouteloua eriopoda,Native,Perennial,Grass,Sonoran SE
BOER in center/near southwest conmod possibly 5-8,NA,BOER4,Bouteloua eriopoda,Native,Perennial,Grass,Sonoran SE
Extra large BOER in S half and medium sized one next to NE plot  corner that partially hangs in and at least 2 small ones within the plot as well,NA,BOER4,Bouteloua eriopoda,Native,Perennial,Grass,Sonoran SE
BOER4,NA,BOER4,Bouteloua eriopoda,Native,Perennial,Grass,NA
BOERH2,NA,BOERH2,Boerhavia,Native,Unknown,Forb,NA
Blue grama BOGR in the S half of the plot don't confuse with black grama BOER,NA,BOGR2,Bouteloua gracilis,Native,Perennial,Grass,NA
Bouteloua on W edge but almost positive it's BOGR (blue gramma) not BOER (black gramma),NA,BOGR2,Bouteloua gracilis,Native,Perennial,Grass,NA
More Blue grama Don't confuse with Black,NA,BOGR2,Bouteloua gracilis,Native,Perennial,Grass,NA
"Possible SPCR in subplot, Blue not Black grama",2,BOGR2,Bouteloua gracilis,Native,Perennial,Grass,NA
"Possibly small POSE and SPCR in the S half of the plot, BLUE grama not BLACK",3,BOGR2,Bouteloua gracilis,Native,Perennial,Grass,NA
SW conmod is overgrown with Blue grama but NO black grama but thee's a possible young PEPA by the NW conmod,1,BOGR2,Bouteloua gracilis,Native,Perennial,Grass,NA
Blue grama BOGR in the S half of the plot don't confuse with black grama BOER,NA,BOGR2,Bouteloua gracilis,Native,Perennial,Grass,Sonoran SE
Bouteloua on W edge but almost positive it's BOGR (blue gramma) not BOER (black gramma),NA,BOGR2,Bouteloua gracilis,Native,Perennial,Grass,Sonoran SE
More Blue grama Don't confuse with Black,NA,BOGR2,Bouteloua gracilis,Native,Perennial,Grass,Sonoran SE
"Possible SPCR in subplot, Blue not Black grama",2,BOGR2,Bouteloua gracilis,Native,Perennial,Grass,Sonoran SE
"Possibly small POSE and SPCR in the S half of the plot, BLUE grama not BLACK",3,BOGR2,Bouteloua gracilis,Native,Perennial,Grass,Sonoran SE
SW conmod is overgrown with Blue grama but NO black grama but thee's a possible young PEPA by the NW conmod,1,BOGR2,Bouteloua gracilis,Native,Perennial,Grass,Sonoran SE
BOGR2,NA,BOGR2,Bouteloua gracilis,Native,Perennial,Grass,NA
BOIN,NA,BOIN,Boerhavia intermedia,Native,Annual,Forb,NA
BOIN3,NA,BOIN3,Bowlesia incana,Native,Annual,Forb,NA
BORA,NA,BORA,Bouteloua radicosa,Native,Perennial,Grass,NA
BORO2,NA,BORO2,Bouteloua rothrockii,Native,Perennial,Grass,NA
BOSI2,NA,BOSI2,Bouteloua simplex,Native,Annual,Grass,NA
BRDI3,NA,BRDI3,Bromus diandrus,Introduced,Unknown,Grass,NA
BRNI,NA,BRNI,Brassica nigra,Introduced,Annual,Forb,NA
BRRU2,NA,BRRU2,Bromus rubens,Introduced,Annual,Grass,NA
BRTE,NA,BRTE,Bromus tectorum,Introduced,Annual,Grass,NA
CACI2,NA,CACI2,Calandrinia ciliata,Native,Annual,Forb,NA
CACLL,NA,CACLL,Camissonia claviformis,Native,Annual,Forb,NA
CAEXE,NA,CAEXE,Castilleja exserta,Native,Annual,Forb,NA
CANU3,NA,CANU3,Calochortus nuttallii,Native,Perennial,Forb,NA
CEME2,NA,CEME2,Centaurea melitensis,Introduced,Annual,Forb,NA
CETE5,NA,CETE5,Ceratocephala testiculata,Introduced,Annual,Forb,NA
CHAL11,NA,CHAL11,Chamaesyce albomarginata,Native,Perennial,Forb,NA
CHBR,NA,CHBR,Chorizanthe brevicornu,Native,Annual,Forb,NA
CHCO2,NA,CHCO2,Chamaesaracha coronopus,Native,Perennial,Forb,NA
CHER2,NA,CHER2,Chaetopappa ericoides,Native,Perennial,Forb,NA
CHFR3,NA,CHFR3,Chenopodium fremontii,Native,Annual,Forb,NA
CHHY3,NA,CHHY3,Chamaesyce hyssopifolia,Native,Unknown,Forb,NA
CHIN2,NA,CHIN2,Chenopodium incanum,Native,Annual,Forb,NA
EUPO3,NA,CHPO12,Chamaesyce polycarpa,Native,Unknown,Forb,NA
EUPO3,NA,CHPO12,Chamaesyce polycarpa,Native,Unknown,Forb,Sonoran Central
CHPO12,NA,CHPO12,Chamaesyce polycarpa,Native,Unknown,Forb,NA
CHTE2,NA,CHTE2,Chorispora tenella,Introduced,Annual,Forb,NA
CHVI4,NA,CHVI4,Chloris virgata,Native,Annual,Grass,NA
CHWA,NA,CHWA,Chenopodium watsonii,Native,Annual,Forb,NA
CLLU2,NA,CLLU2,Cleome lutea,Native,Annual,Forb,NA
COAU2,NA,COAU2,Corydalis aurea,Native,Annual,Forb,NA
COCA5,NA,COCA5,Conyza canadensis,Native,Annual,Forb,NA
COCA8,NA,COCA8,Coreopsis califonica,Native,Annual,Forb,NA
COEQ,NA,COEQ,Convolvulus equitans,Native,Unknown,Forb,NA
CRAN4,NA,CRAN4,Cryptantha angustifolia,Native,Annual,Forb,NA
CRBA5,NA,CRBA5,Cryptantha barbigera,Native,Annual,Forb,NA
CRCO34,NA,CRCO34,Crassula connata,Native,Annual,Forb,NA
CRCR3,NA,CRCR3,Cryptantha crassisepala,Native,Annual,Forb,NA
CRPO5,NA,CRPO5,Croton pottsii,Native,Perennial,Forb,NA
CRSE11,NA,CRSE11,Croton setigerus,Native,Annual,Forb,NA
CYAC,NA,CYAC,Cymopterus acaulis,Native,Perennial,Forb,NA
DACA7,NA,DACA7,Dalea candida,Native,Perennial,Forb,NA
DAPU3,NA,DAPU3,Daucus pusillus,Native,Annual,Forb,NA
DAPU7,NA,DAPU7,Dasyochloa pulchella,Native,Perennial,Grass,NA
DeadStem,NA,DeadStem,Dead stem,Unknown,Unknown,Forb,NA
DEPI,NA,DEPI,Descurainia pinnata,Native,Unknown,Forb,NA
DESO2,NA,DESO2,Descurainia sophia,Introduced,Annual,Forb,NA
DICA14,NA,DICA14,Dichelostemma capitatum,Native,Perennial,Forb,NA
DICA8,NA,DICA8,Digitaria californica,Native,Perennial,Grass,NA
DRCU,NA,DRCU,Draba cuneifolia,Native,Annual,Forb,NA
DRCUI,NA,DRCUI,Draba cuneifolia,Native,Annual,Forb,NA
ELEL5,NA,ELEL5,Elymus elymoides,Native,Perennial,Grass,NA
ELEL5 (seeded),NA,ELEL6,Elymus elymoides,Native,Perennial,Grass,NA
ELEL5 (seeded),NA,ELEL6,Elymus elymoides,Native,Perennial,Grass,Colorado Plateau
ELEL5 (unseeded),NA,ELEL7,Elymus elymoides,Native,Perennial,Grass,NA
ELEL5 (unseeded),NA,ELEL7,Elymus elymoides,Native,Perennial,Grass,Colorado Plateau
ELTR7 (seeded),NA,ELTR7,Elymus trachycaulus,Native,Perennial,Grass,NA
ELTR7 (seeded),NA,ELTR7,Elymus trachycaulus,Native,Perennial,Grass,Colorado Plateau
ELTR7,NA,ELTR7,Elymus trachycaulus,Native,Perennial,Grass,NA
ELWA,NA,ELWA2,Elymus wawawaiensis,Native,Perennial,Grass,NA
ELWA2 (seeded),NA,ELWA2,Elymus wawawaiensis,Native,Perennial,Grass,NA
ELWA,NA,ELWA2,Elymus wawawaiensis,Native,Perennial,Grass,Colorado Plateau
ELWA2 (seeded),NA,ELWA2,Elymus wawawaiensis,Native,Perennial,Grass,Colorado Plateau
ELWA2,NA,ELWA2,Elymus wawawaiensis,Native,Perennial,Grass,NA
ENDE,NA,ENDE,Enneapogon desvauxii,Native,Perennial,Grass,NA
ENFA,NA,ENFA,Encelia farinosa,Native,Perennial,Shrub,NA
ERAB2,NA,ERAB2,Eriogonum abertianum,Native,Annual,Forb,NA
ERCI,NA,ERCI,Eragrostis cilianensis,Introduced,Annual,Grass,NA
ERCI2,NA,ERCI2,Eragrostis ciliaris,Introduced,Annual,Grass,NA
ERCI6,NA,ERCI6,Erodium cicutarium,Introduced,Annual,Forb,NA
Couple small to medium ARPUs throughout and a couple small SECOs in N half of the plot typically hidden under/using ERCU as a shade plant,3,ERCU2,Eragrostis curvula,Introduced,Perennial,Grass,NA
Couple small to medium ARPUs throughout and a couple small SECOs in N half of the plot typically hidden under/using ERCU as a shade plant,3,ERCU2,Eragrostis curvula,Introduced,Perennial,Grass,Sonoran SE
ERCU2,NA,ERCU2,Eragrostis curvula,Introduced,Perennial,Grass,NA
ERDI2,NA,ERDI2,Eriastrum diffusum,Native,Annual,Forb,NA
ERER2,NA,ERER2,Eriastrum eremicum,Native,Annual,Forb,NA
ERFA2,NA,ERFA2,Eriogonum fasciculatum,Native,Perennial,Forb,NA
ERIAS,NA,ERIAS,Eriastrum,Native,Unknown,Forb,NA
ERIN4,NA,ERIN4,Eriogonum inflatum,Native,Unknown,Forb,NA
ERLA12,NA,ERLA12,Ericameria laricifolia,Native,Perennial,Shrub,NA
ERLE,NA,ERLE,Eragrostis lehmanniana,Introduced,Perennial,Grass,NA
ERPA11,NA,ERPA11,Eriogonum palmerianum,Native,Annual,Forb,NA
ERPO4,NA,ERPO4,Eriogonum polycladon,Native,Annual,Forb,NA
ERRA3,NA,ERRA3,Eriogonum racemosum,Native,Perennial,Forb,NA
ERSU,NA,ERSU,Eragrostis superba,Introduced,Perennial,Grass,NA
ERTR8,NA,ERTR8,Eriogonum trichopes,Native,Annual,Forb,NA
ERVE5,NA,ERVE5,Eruca vesicaria,Introduced,Annual,Forb,NA
ESCA2,NA,ESCA2,Eschscholzia californica,Native,Unknown,Forb,NA
ESCAM,NA,ESCAM,Eschscholzia californica,Native,Unknown,Forb,NA
EUAB,NA,EUAB,Chamaesyce abramsiana,Native,Annual,Forb,NA
EUME3,NA,EUME3,Chamaesyce melanadenia,Native,Perennial,Forb,NA
EVAR,NA,EVAR,Evolvulus arizonicus,Native,Perennial,Forb,NA
GIST,NA,GIST,Gilia stellata,Native,Annual,Forb,NA
GLGO,NA,GLGO,Glandularia gooddingii,Native,Perennial,Forb,NA
GNPA,NA,GNPA,Gnaphalium palustre,Native,Annual,Forb,NA
GUSA2,NA,GUSA2,Gutierrezia sarothrae,Native,Perennial,Shrub,NA
HAGL,NA,HAGL,Halogeton glomeratus,Introduced,Annual,Forb,NA
HAPAA,NA,HAPAA,Harpagonella palmeri,Native,Annual,Forb,NA
HEBO,NA,HEBO,Hedysarum boreale,Native,Perennial,Forb,NA
HECI,NA,HECI,Helianthus ciliaris,Native,Perennial,Forb,NA
HECO26,NA,HECO26,Hesperostipa comata,Native,Perennial,Grass,NA
HEHIC,NA,HEHIC,Herniaria hirsuta,Introduced,Annual,Forb,NA
HEMU,NA,HEMU3,Heliomeris multiflora,Native,Perennial,Forb,NA
HEMU,NA,HEMU3,Heliomeris multiflora,Native,Perennial,Forb,Sonoran SE
HEMU3,NA,HEMU3,Heliomeris multiflora,Native,Perennial,Forb,NA
HIIN3,NA,HIIN3,Hirschfeldia incana,Introduced,Unknown,Forb,NA
HOGL2,NA,HOGL2,Hoffmannseggia glauca,Native,Perennial,Forb,NA
HOIN,NA,HOIN2,Hordeum intercedens,Native,Annual,Grass,NA
HOIN,NA,HOIN2,Hordeum intercedens,Native,Annual,Grass,Colorado Plateau
HOMU,NA,HOMU,Hordeum murinum,Introduced,Annual,Grass,NA
HOPU,NA,HOPU,Hordeum pusillum,Native,Annual,Grass,NA
HYVE,NA,HYVE,Hybanthus verticillatus,Native,Perennial,Forb,NA
HYVE,NA,HYVE,Hybanthus verticillatus,Native,Perennial,Forb,Colorado Plateau
IPLO2,NA,IPLO2,Ipomopsis longiflora,Native,Annual,Forb,NA
KAGR,NA,KAGR,Kallstroemia grandiflora,Native,Annual,Forb,NA
KAHI,NA,KAHI,Kallstroemia hirsutissima,Native,Annual,Forb,NA
KRLA2,NA,KRLA2,Krascheninnikovia lanata,Native,Perennial,Shrub,NA
LACA7,NA,LACA7,Lasthenia californica,Native,Unknown,Forb,NA
LAGL5,NA,LAGL5,Layia glandulosa,Native,Annual,Forb,NA
LAGR10,NA,LAGR10,Lasthenia gracilis,Native,Annual,Forb,NA
LATR2,NA,LATR2,Larrea tridentata,Native,Perennial,Shrub,NA
LEAU16,NA,LEAU16,Leptosiphon aureus,Native,Annual,Forb,NA
LECI4,NA,LECI4,Leymus cinereus,Native,Perennial,Grass,NA
LEFR2,NA,LEFR2,Lepidium fremontii,Native,Perennial,Shrub,NA
LELA,NA,LELA,Lepidium lasiocarpum,Native,Annual,Forb,NA
LEPA6,NA,LEPA6,Leptochloa panicea,Native,Unknown,Grass,NA
LETH2,NA,LETH2,Lepidium thurberi,Native,Annual,Forb,NA
LIBI2,NA,LIBI2,Linanthus bigelovii,Native,Annual,Forb,NA
LILE,NA,LILE,Leptosiphon lemmonii,Native,Annual,Forb,NA
LILE3,NA,LILE3,Linum lewisii,Native,Perennial,Forb,NA
LOAR12,NA,LOAR12,Logfia arizonica,Native,Annual,Forb,NA
LOESE2,NA,LOESE2,Loeseliastrum franciscanum,Native,Annual,Forb,NA
LOHU2,NA,LOHU2,Lotus humistratus,Native,Annual,Forb,NA
LOSA,NA,LOSA,Lotus salsuginosus,Native,Annual,Forb,NA
LOSQ,NA,LOSQ,Loeflingia squarrosa,Native,Annual,Forb,NA
LOSTT,NA,LOSTT,Lotus strigosus,Native,Annual,Forb,NA
LUCO,NA,LUCO,Lupinus concinnus,Native,Annual,Forb,NA
LUSP,NA,LUSP,Lupinus sparsiflorus (?),Native,Annual,Forb,NA
LUSP2,NA,LUSP2,Lupinus sparsiflorus,Native,Annual,Forb,NA
MADI6,NA,MADI6,Matricaria discoidea,Introduced,Annual,Forb,NA
MAGL3,NA,MAGL3,Malacothrix glabrata,Native,Annual,Forb,NA
MAGR10,NA,MAGR10,Machaeranthera gracilis,Native,Annual,Forb,NA
MAPA5,NA,MAPA5,Malva parviflora,Introduced,Unknown,Forb,NA
MATA is the SW corner,NA,MATA2,Machaeranthera tanacetifolia,Native,Annual,Forb,NA
MATA seedling in southwest section,NA,MATA2,Machaeranthera tanacetifolia,Native,Annual,Forb,NA
MATA is the SW corner,NA,MATA2,Machaeranthera tanacetifolia,Native,Annual,Forb,Sonoran SE
MATA seedling in southwest section,NA,MATA2,Machaeranthera tanacetifolia,Native,Annual,Forb,Sonoran SE
MATA2,NA,MATA2,Machaeranthera tanacetifolia,Native,Annual,Forb,NA
MEAL6,NA,MEAL6,Mentzelia albicaulis,Native,Annual,Forb,NA
MEIN2,NA,MEIN2,Melilotus indicus,Introduced,Annual,Forb,NA
MEMO4,NA,MEMO4,Mentzelia montana,Native,Annual,Forb,NA
MEOF,NA,MEOF,Melilotus officinalis,Introduced,Unknown,Forb,NA
MIGR,NA,MIGR,Microsteris gracilis,Native,Annual,Forb,NA
MILA6,NA,MILA6,Mirabilis laevis,Native,Perennial,Forb,NA
MOCE,NA,MOCE,Mollugo cerviana,Introduced,Annual,Forb,NA
MONU,NA,MONU,Monolepis nuttalliana,Native,Annual,Forb,NA
MOVE,NA,MOVE,Mollugo verticillata,Native,Annual,Forb,NA
MUPO2,NA,MUPO2,Muhlenbergia porteri,Native,Perennial,Grass,NA
NAHI,NA,NAHI,Nama hispidum,Native,Annual,Forb,NA
ONPI,NA,ONPI,Oncosiphon piluliferum,Introduced,Annual,Forb,NA
PACA6,NA,PACA6,Panicum capillare,Native,Annual,Grass,NA
PAHI5,NA,PAHI5,Panicum hirticaule,Native,Annual,Grass,NA
PAHI7,NA,PAHI7,Oplismenus hirtellus (Panicum hirtellum),Introduced,Perennial,Grass,NA
PAMI5,NA,PAMI5,Parkinsonia microphylla,Native,Perennial,Shrub,NA
PASM (maybe),NA,PASM,Pascopyrum smithii,Native,Perennial,Grass,NA
Possible S-PASM seedlings,NA,PASM,Pascopyrum smithii,Native,Perennial,Grass,NA
PASM (maybe),NA,PASM,Pascopyrum smithii,Native,Perennial,Grass,Colorado Plateau
Possible S-PASM seedlings,NA,PASM,Pascopyrum smithii,Native,Perennial,Grass,Utah
PASM,NA,PASM,Pascopyrum smithii,Native,Perennial,Grass,NA
PECTO,NA,PECTO,Pectocarya,Native,Annual,Forb,NA
PEHE,NA,PEHE,Pectocarya heterocarpa,Native,Annual,Forb,NA
PEPA2,NA,PEPA2,Pectis papposa,Native,Annual,Forb,NA
PEPA8,NA,PEPA8,Penstemon palmeri,Native,Perennial,Forb,NA
PEPL,NA,PEPL,Pectocarya platycarpa,Native,Annual,Forb,NA
PERE,NA,PERE,Pectocarya recurvata,Native,Annual,Forb,NA
PHDI,NA,PHDI,Phacelia distans,Native,Unknown,Forb,NA
PHLO2,NA,PHLO2,Phlox longifolia,Native,Perennial,Forb,NA
PHNE3,NA,PHNE3,Phacelia neomexicana,Native,Annual,Forb,NA
PHYSA,NA,PHYSA,Physalis,Unknown,Unknown,Forb,NA
PLANT,NA,PLANT,Plantago,Unknown,Unknown,Forb,NA
PLAR,NA,PLAR,Plagiobothrys arizonicus,Native,Annual,Forb,NA
PLJA,NA,PLJA,Pleuraphis jamesii,Native,Perennial,Grass,NA
"ARPU many individuals, BAMU 1 individual, PLMU (2) 1 individual, ACHY (2) 1 individual",3,PLMU3,Pleuraphis mutica,Native,Perennial,Grass,NA
Multiple small to medium ARPUs and BOCUs along with a possible PLMU (rough feeling leaves and similar seeds) with a couple small/medium BAMU that are in or near the N half of the pits and a couple small SECO seedlings sprinkled throughout,3,PLMU3,Pleuraphis mutica,Native,Perennial,Grass,NA
Small to large ARPUs and BOCUs along with a couple small SECOs as well as a possible PLMU in the middle (rough feeling and membranous ligule but no seed heads),4,PLMU3,Pleuraphis mutica,Native,Perennial,Grass,NA
"ARPU many individuals, BAMU 1 individual, PLMU (2) 1 individual, ACHY (2) 1 individual",3,PLMU3,Pleuraphis mutica,Native,Perennial,Grass,Sonoran SE
Multiple small to medium ARPUs and BOCUs along with a possible PLMU (rough feeling leaves and similar seeds) with a couple small/medium BAMU that are in or near the N half of the pits and a couple small SECO seedlings sprinkled throughout,3,PLMU3,Pleuraphis mutica,Native,Perennial,Grass,Sonoran SE
Small to large ARPUs and BOCUs along with a couple small SECOs as well as a possible PLMU in the middle (rough feeling and membranous ligule but no seed heads),4,PLMU3,Pleuraphis mutica,Native,Perennial,Grass,Sonoran SE
PLMU3,NA,PLMU3,Pleuraphis mutica,Native,Perennial,Grass,NA
PLOV,NA,PLOV,Plantago ovata,Native,Annual,Forb,NA
PLPA2,NA,PLPA2,Plantago patagonica,Native,Annual,Forb,NA
PLPR3,NA,PLPR3,Plagiobothrys pringlei,Native,Annual,Forb,NA
POBI,NA,POBI,Poa bigelovii,Native,Annual,Grass,NA
POOL,NA,POOL,Portulaca oleracea,Unknown,Annual,Forb,NA
POPI3,NA,POPI3,Portulaca pilosa,Native,Unknown,Forb,NA
"A couple small SECOs mostly near conmods and possiblya young POSE near SE conmod, Also decent size patch (~1% cover) of SECO just near/outside N edge",2,POSE,Poa secunda,Native,Perennial,Grass,NA
Might possibly be a small POSE,NA,POSE,Poa secunda,Native,Perennial,Grass,NA
"Possibly small POSE and SPCR in the S half of the plot, BLUE grama not BLACK",1,POSE,Poa secunda,Native,Perennial,Grass,NA
Small POSE near SW pit,NA,POSE,Poa secunda,Native,Perennial,Grass,NA
"A couple small SECOs mostly near conmods and possiblya young POSE near SE conmod, Also decent size patch (~1% cover) of SECO just near/outside N edge",2,POSE,Poa secunda,Native,Perennial,Grass,Sonoran SE
Might possibly be a small POSE,NA,POSE,Poa secunda,Native,Perennial,Grass,Sonoran SE
"Possibly small POSE and SPCR in the S half of the plot, BLUE grama not BLACK",1,POSE,Poa secunda,Native,Perennial,Grass,Sonoran SE
Small POSE near SW pit,NA,POSE,Poa secunda,Native,Perennial,Grass,Sonoran SE
POSE,NA,POSE,Poa secunda,Native,Perennial,Grass,NA
POUM,NA,POUM,Portulaca umbraticola,Native,Annual,Forb,NA
PRGL2,NA,PRGL2,Prosopis glandulosa,Native,Perennial,Shrub,NA
PROACASPP,NA,PROACASPP,Mesquite/Acacia species,Native/Unknown,Perennial,Shrub,NA
PRVE,NA,PRVE,Prosopis velutina,Native,Perennial,Shrub,NA
PSCA11,NA,PSCA11,Pseudognaphalium canescens,Native,Unknown,Forb,NA
PSSP6 (maybe),NA,PSSP6,Pseudoroegneria spicata,Native,Perennial,Grass,NA
PSSP6 (maybe),NA,PSSP6,Pseudoroegneria spicata,Native,Perennial,Grass,Colorado Plateau
PSSP6,NA,PSSP6,Pseudoroegneria spicata,Native,Perennial,Grass,NA
SAAB,NA,SAAB,Sanvitalia abertii,Native,Annual,Forb,NA
SACO6,NA,SACO6,Salvia columbariae,Native,Annual,Forb,NA
SARE,NA,SARE3,Salvia reflexa,Native,Annual,Forb,NA
SARE,NA,SARE3,Salvia reflexa,Native,Annual,Forb,Colorado Plateau
SARE3,NA,SARE3,Salvia reflexa,Native,Annual,Forb,NA
SATR,NA,SATR12,Salsola tragus,Introduced,Annual,Forb,NA
SATR,NA,SATR12,Salsola tragus,Introduced,Annual,Forb,Colorado Plateau
SATR12,NA,SATR12,Salsola tragus,Introduced,Annual,Forb,NA
SCBA,NA,SCBA,Schismus barbatus,Introduced,Annual,Grass,NA
SCMU6,NA,SCMU6,Schkuhria multiflora,Native,Annual,Forb,NA
SCPI3,NA,SCPI3,Schkuhria pinnata,Unknown,Annual,Forb,NA
SEBA2,NA,SEBA2,Senna bacillaris,Native,Perennial,Shrub,NA
SEBA3,NA,SEBA3,Senna bauhinioides,Native,Perennial,Forb,NA
"A couple small SECOs mostly near conmods and possiblya young POSE near SE conmod, Also decent size patch (~1% cover) of SECO just near/outside N edge",1,SECO10,Senna covesii,Native,Perennial,Forb,NA
Couple small to medium ARPUs throughout and a couple small SECOs in N half of the plot typically hidden under/using ERCU as a shade plant,2,SECO10,Senna covesii,Native,Perennial,Forb,NA
Extra large to medium large BOCUs throughout and at least 2 tiny SECO near/in SE pit and NE/subplot pit,2,SECO10,Senna covesii,Native,Perennial,Forb,NA
"Medium SECO in/near NW pit with a couple tiny seedlings scattered throughout, medium BAMU in the middle, a few small to medium/large ARPUs sprinkled throughout, possibly a small ACHY in SE section (wirey leaf blades that clasp the stem, hairs at the node, only one seed head but similar to examples)",1,SECO10,Senna covesii,Native,Perennial,Forb,NA
Medium to large ARPUs throughout and a couple small and medium BOCUs near the N conmods and a few teeny tiny SECOs near conmods as well,3,SECO10,Senna covesii,Native,Perennial,Forb,NA
"Multiple ARPUs small to large sized throughout, possible ACHY in the SE pit, and a couple teeny tiny SECOs in/around some of the pits",3,SECO10,Senna covesii,Native,Perennial,Forb,NA
Multiple medium to large ARPU and small/medium BOCU near the NE corner and a couple tiny SECOs,3,SECO10,Senna covesii,Native,Perennial,Forb,NA
Multiple small to medium ARPUs and BOCUs along with a possible PLMU (rough feeling leaves and similar seeds) with a couple small/medium BAMU that are in or near the N half of the pits and a couple small SECO seedlings sprinkled throughout,5,SECO10,Senna covesii,Native,Perennial,Forb,NA
Not in the Med mix but there are a couple young SECOs,NA,SECO10,Senna covesii,Native,Perennial,Forb,NA
"Possible ARPUs, SECO seedling in subplot",2,SECO10,Senna covesii,Native,Perennial,Forb,NA
"Possible couple small ASTUs along with multiple medium to extra large ARPUs, possibly a few BAMU seedlings as well as a couple tiny to small SECOs throughout",4,SECO10,Senna covesii,Native,Perennial,Forb,NA
Possible young BOCU and ARPU but no seed heads yet therfor unsure ifit is than seeded species cover is 1% but if not it's trace amount because of a few SECOs all found in or near pits,3,SECO10,Senna covesii,Native,Perennial,Forb,NA
Small to large ARPUs and BOCUs along with a couple small SECOs as well as a possible PLMU in the middle (rough feeling and membranous ligule but no seed heads),3,SECO10,Senna covesii,Native,Perennial,Forb,NA
Small to large ARPUs throughout along with a tiny baby SECO seedling in SE section,2,SECO10,Senna covesii,Native,Perennial,Forb,NA
Small to large ARPUs throughout and a couple of small SECOs,2,SECO10,Senna covesii,Native,Perennial,Forb,NA
Small to medium ARPUs throughout and a few tiny to small SECOs mostly near the conmods,2,SECO10,Senna covesii,Native,Perennial,Forb,NA
Southwest pit has 1 BAMU and 4 small ARPUs. Northwest pit has 2 medium and 2 small ARPUs and 1 dreid up SECO. There are a few more small to medium sized ARPUs throughout,3,SECO10,Senna covesii,Native,Perennial,Forb,NA
"A couple small SECOs mostly near conmods and possiblya young POSE near SE conmod, Also decent size patch (~1% cover) of SECO just near/outside N edge",1,SECO10,Senna covesii,Native,Perennial,Forb,Sonoran SE
Couple small to medium ARPUs throughout and a couple small SECOs in N half of the plot typically hidden under/using ERCU as a shade plant,2,SECO10,Senna covesii,Native,Perennial,Forb,Sonoran SE
Extra large to medium large BOCUs throughout and at least 2 tiny SECO near/in SE pit and NE/subplot pit,2,SECO10,Senna covesii,Native,Perennial,Forb,Sonoran SE
"Medium SECO in/near NW pit with a couple tiny seedlings scattered throughout, medium BAMU in the middle, a few small to medium/large ARPUs sprinkled throughout, possibly a small ACHY in SE section (wirey leaf blades that clasp the stem, hairs at the node, only one seed head but similar to examples)",1,SECO10,Senna covesii,Native,Perennial,Forb,Sonoran SE
Medium to large ARPUs throughout and a couple small and medium BOCUs near the N conmods and a few teeny tiny SECOs near conmods as well,3,SECO10,Senna covesii,Native,Perennial,Forb,Sonoran SE
"Multiple ARPUs small to large sized throughout, possible ACHY in the SE pit, and a couple teeny tiny SECOs in/around some of the pits",3,SECO10,Senna covesii,Native,Perennial,Forb,Sonoran SE
Multiple medium to large ARPU and small/medium BOCU near the NE corner and a couple tiny SECOs,3,SECO10,Senna covesii,Native,Perennial,Forb,Sonoran SE
Multiple small to medium ARPUs and BOCUs along with a possible PLMU (rough feeling leaves and similar seeds) with a couple small/medium BAMU that are in or near the N half of the pits and a couple small SECO seedlings sprinkled throughout,5,SECO10,Senna covesii,Native,Perennial,Forb,Sonoran SE
Not in the Med mix but there are a couple young SECOs,NA,SECO10,Senna covesii,Native,Perennial,Forb,Sonoran SE
"Possible ARPUs, SECO seedling in subplot",2,SECO10,Senna covesii,Native,Perennial,Forb,Sonoran SE
"Possible couple small ASTUs along with multiple medium to extra large ARPUs, possibly a few BAMU seedlings as well as a couple tiny to small SECOs throughout",4,SECO10,Senna covesii,Native,Perennial,Forb,Sonoran SE
Possible young BOCU and ARPU but no seed heads yet therfor unsure ifit is than seeded species cover is 1% but if not it's trace amount because of a few SECOs all found in or near pits,3,SECO10,Senna covesii,Native,Perennial,Forb,Sonoran SE
Small to large ARPUs and BOCUs along with a couple small SECOs as well as a possible PLMU in the middle (rough feeling and membranous ligule but no seed heads),3,SECO10,Senna covesii,Native,Perennial,Forb,Sonoran SE
Small to large ARPUs throughout along with a tiny baby SECO seedling in SE section,2,SECO10,Senna covesii,Native,Perennial,Forb,Sonoran SE
Small to large ARPUs throughout and a couple of small SECOs,2,SECO10,Senna covesii,Native,Perennial,Forb,Sonoran SE
Small to medium ARPUs throughout and a few tiny to small SECOs mostly near the conmods,2,SECO10,Senna covesii,Native,Perennial,Forb,Sonoran SE
Southwest pit has 1 BAMU and 4 small ARPUs. Northwest pit has 2 medium and 2 small ARPUs and 1 dreid up SECO. There are a few more small to medium sized ARPUs throughout,3,SECO10,Senna covesii,Native,Perennial,Forb,Sonoran SE
SECO10,NA,SECO10,Senna covesii,Native,Perennial,Forb,NA
SIAB,NA,SIAB,Sida abutifolia,Introduced,Unknown,Forb,NA
SIAL2,NA,SIAL2,Sisymbrium altissimum,Introduced,Annual,Forb,NA
SIAN2,NA,SIAN2,Silene antirrhina,Native,Annual,Forb,NA
SIIR,NA,SIIR,Sisymbrium irio,Introduced,Annual,Forb,NA
SINE,NA,SINE,Sida neomexicana,Native,Perennial,Forb,NA
SOEL,NA,SOEL,Solanum elaeagnifolium,Native,Perennial,Forb,NA
SOOL,NA,SOOL,Sonchus oleraceus,Introduced,Annual,Forb,NA
SORO,NA,SORO,Solanum rostratum,Native,Annual,Forb,NA
SPAI,NA,SPAI,Sporobolus airoides,Native,Perennial,Grass,NA
SPAMA,NA,SPAM2,Sphaeralcea ambigua,Native,Perennial,Forb,NA
SPAMA,NA,SPAM2,Sphaeralcea ambigua,Native,Perennial,Forb,Sonoran Central
SPAM2,NA,SPAM2,Sphaeralcea ambigua,Native,Perennial,Forb,NA
SPAMA,NA,SPAM3,Sphaeralcea ambigua,Native,Perennial,Forb,NA
SPAMA,NA,SPAM3,Sphaeralcea ambigua,Native,Perennial,Forb,Sonoran Central
SPAMA,NA,SPAM4,Sphaeralcea ambigua,Native,Perennial,Forb,NA
SPAMA,NA,SPAM4,Sphaeralcea ambigua,Native,Perennial,Forb,Sonoran Central
SPAMA,NA,SPAM5,Sphaeralcea ambigua,Native,Perennial,Forb,NA
SPAMA,NA,SPAM5,Sphaeralcea ambigua,Native,Perennial,Forb,Sonoran Central
SPCO,NA,SPCO,Sphaeralcea coccinea,Native,Perennial,Forb,NA
A few possible small SPCR in/around some of the pits,NA,SPCR,Sporobolus cryptandrus,Native,Perennial,Grass,NA
"Possible SPCR in subplot, Blue not Black grama",1,SPCR,Sporobolus cryptandrus,Native,Perennial,Grass,NA
Possibly a small SPCR in the S half,NA,SPCR,Sporobolus cryptandrus,Native,Perennial,Grass,NA
"Possibly small POSE and SPCR in the S half of the plot, BLUE grama not BLACK",2,SPCR,Sporobolus cryptandrus,Native,Perennial,Grass,NA
A few possible small SPCR in/around some of the pits,NA,SPCR,Sporobolus cryptandrus,Native,Perennial,Grass,Sonoran SE
"Possible SPCR in subplot, Blue not Black grama",1,SPCR,Sporobolus cryptandrus,Native,Perennial,Grass,Sonoran SE
Possibly a small SPCR in the S half,NA,SPCR,Sporobolus cryptandrus,Native,Perennial,Grass,Sonoran SE
"Possibly small POSE and SPCR in the S half of the plot, BLUE grama not BLACK",2,SPCR,Sporobolus cryptandrus,Native,Perennial,Grass,Sonoran SE
SPCR,NA,SPCR,Sporobolus cryptandrus,Native,Perennial,Grass,NA
SPEC2,NA,SPEC2,Spermolepis echinata,Native,Annual,Forb,NA
Regrowth of SPGR,NA,SPGR2,Sphaeralcea grossulariifolia,Native,Perennial,Forb,NA
Regrowth of SPGR,NA,SPGR2,Sphaeralcea grossulariifolia,Native,Perennial,Forb,Utah
SPGR2,NA,SPGR2,Sphaeralcea grossulariifolia,Native,Perennial,Forb,NA
STGN,NA,STGN,Stylocline gnaphalioides,Native,Annual,Forb,NA
TAPO5,NA,TAPO5,Talinum polygaloides,Native,Perennial,Forb,NA
TILA2,NA,TILA2,Tidestromia lanuginosa,Native,Annual,Forb,NA
TOIN,NA,TOIN,Townsendia incana,Native,Unknown,Forb,NA
TRMU,NA,TRMU,Tridens muticus,Native,Perennial,Grass,NA
TRPI,NA,TRPI,Tradescantia pinetorum,Native,Perennial,Forb,NA
TRTE,NA,TRTE,Tribulus terrestris,Introduced,Annual,Forb,NA
Unk bunchGrass #1,NA,Unk bunchGrass #1,Could be BOCU,Unknown,Unknown,Grass,NA
URLI5,NA,URLI5,Microseris lindleyi,Native,Annual,Forb,NA
VEEN,NA,VEEN,Verbesina encelioides,Native,Annual,Forb,NA
VEPE2,NA,VEPE2,Veronica peregrina,Native,Annual,Forb,NA
VEPE2,NA,VEPE2,Veronica peregrina,Native,Annual,Forb,Sonoran Central
VEPEX2,NA,VEPEX2,Veronica peregrina ssp. xalapensis,Native,Annual,Forb,NA
VUOC,NA,VUOC,Vulpia octoflora,Native,Annual,Grass,NA
YUEL,NA,YUEL,Yucca elata,Native,Perennial,Shrub,NA
ZIGR,NA,ZIGR,Zinnia grandiflora,Native,Perennial,Forb,NA
