CodeOriginal,Code,Name,Native,Duration,Lifeform
0,0,0,0,0,0
1 BOCU,BOCU,Bouteloua curtipendula,Native,Perennial,Grass
1 full BOCU (3) in the northwest corner. A couple potentially smaller grazed down ones throughout as well as a couple potential ARPUs (2),ARPU9,Aristida purpurea,Native,Perennial,Grass
1 full BOCU (3) in the northwest corner. A couple potentially smaller grazed down ones throughout as well as a couple potential ARPUs (2),BOCU,Bouteloua curtipendula,Native,Perennial,Grass
3 individual ARPUs  and a BOCU,ARPU9,Aristida purpurea,Native,Perennial,Grass
3 individual ARPUs  and a BOCU,BOCU,Bouteloua curtipendula,Native,Perennial,Grass
3 small ARPUs 1 on north border of subplot and other 2 in southwest section of plot,ARPU9,Aristida purpurea,Native,Perennial,Grass
A couple BOCUs and a couple potential BOCU nubs and a possible ARPU,ARPU9,Aristida purpurea,Native,Perennial,Grass
A couple BOCUs and a couple potential BOCU nubs and a possible ARPU,BOCU,Bouteloua curtipendula,Native,Perennial,Grass
A couple BOCUs and a possible ARPU,ARPU9,Aristida purpurea,Native,Perennial,Grass
A couple BOCUs and a possible ARPU,BOCU,Bouteloua curtipendula,Native,Perennial,Grass
A couple medium sized BOCU potentails. One is for certain a BOCU if all are not and another Bouteloua species the seeded species cover would be TR,BOCU,Bouteloua curtipendula,Native,Perennial,Grass
"A couple small SECOs mostly near conmods and possiblya young POSE near SE conmod, Also decent size patch (~1% cover) of SECO just near/outside N edge",POSE,Poa secunda,Native,Perennial,Grass
"A couple small SECOs mostly near conmods and possiblya young POSE near SE conmod, Also decent size patch (~1% cover) of SECO just near/outside N edge",SECO10,Senna covesii,Native,Perennial,Forb
A few ARPUs and young BOCUs mostly near/in the south half except for a smaller ARPU in the northwest and a BAMU just north of subplot,ARPU9,Aristida purpurea,Native,Perennial,Grass
A few ARPUs and young BOCUs mostly near/in the south half except for a smaller ARPU in the northwest and a BAMU just north of subplot,BAMU,Baileya multiradiata,Native,Unknown,Forb
A few ARPUs and young BOCUs mostly near/in the south half except for a smaller ARPU in the northwest and a BAMU just north of subplot,BOCU,Bouteloua curtipendula,Native,Perennial,Grass
A few possible ARPUs (2 certainty) or other ARsp. (ARTE),ARPU9,Aristida purpurea,Native,Perennial,Grass
A few possible small SPCR in/around some of the pits,SPCR,Sporobolus cryptandrus,Native,Perennial,Grass
A few possible small SPCRs and a couple MATA seedlings all in the pits,MATA2,Machaeranthera tanacetifolia,Native,Annual,Forb
A few possible small SPCRs and a couple MATA seedlings all in the pits,SPCR,Sporobolus cryptandrus,Native,Perennial,Grass
ABPA3,ABPA3,Abutilon parvulum,Native,Perennial,Forb
ACHY,ACHY,Achnatherum hymenoides,Native,Perennial,Grass
ACMI2,ACMI2,Achillea millefolium,Native,Perennial,Forb
ACMIS,ACMIS,Acmispon (Lotus),Native,Annual,Forb
ACNA2,ACNA2,Acourtia nana,Native,Perennial,Forb
ALIN,ALIN,Allionia incarnata,Native,Unknown,Forb
AMCH3,AMCH3,Ammocodon chenopodioides,Native,Perennial,Forb
AMCO3,AMCO3,Ambrosia confertiflora,Native,Perennial,Forb
AMDE4,AMDE4,Ambrosia deltoidea,Native,Perennial,Shrub
AMDU2,AMDU2,Ambrosia dumosa,Native,Perennial,Shrub
AMIN3,AMIN3,Amsinckia intermedia,Native,Annual,Forb
AMMEI2,AMMEI2,Amsinckia menziesii,Native,Annual,Forb
AMPA,AMPA,Amaranthus palmeri,Native,Annual,Forb
AMSIN,AMSIN,Amsinckia,Native,Annual,Forb
AMTE3,AMTE3,Amsinckia tessellata,Native,Annual,Forb
AMTO3,AMTO3,Ambrosia tomentosa,Native,Perennial,Forb
ANCR2,ANCR2,Anoda cristata,Native,Annual,Forb
ANOC2,ANOC2,Androsace occidentalis,Native,Annual,Forb
ARAD,ARAD,Aristida adscensionis,Native,Annual,Grass
ARFR4,ARFR4,Artemisia frigida,Native,Perennial,Shrub
ARNE2,ARNE2,Argythamnia neomexicana,Native,Unknown,Forb
ARPU a few individuals,ARPU9,Aristida purpurea,Native,Perennial,Grass
ARPU a few small tufts and 1 taller,ARPU9,Aristida purpurea,Native,Perennial,Grass
ARPU about 5 individuals and an individual BAMU resprouting at base,ARPU9,Aristida purpurea,Native,Perennial,Grass
ARPU about 5 individuals and an individual BAMU resprouting at base,BAMU,Baileya multiradiata,Native,Unknown,Forb
"ARPU many individuals, BAMU 1 individual, PLMU (2) 1 individual, ACHY (2) 1 individual",ACHY,Achnatherum hymenoides,Native,Perennial,Grass
"ARPU many individuals, BAMU 1 individual, PLMU (2) 1 individual, ACHY (2) 1 individual",ARPU9,Aristida purpurea,Native,Perennial,Grass
"ARPU many individuals, BAMU 1 individual, PLMU (2) 1 individual, ACHY (2) 1 individual",BAMU,Baileya multiradiata,Native,Unknown,Forb
"ARPU many individuals, BAMU 1 individual, PLMU (2) 1 individual, ACHY (2) 1 individual",PLMU3,Pleuraphis mutica,Native,Perennial,Grass
ARPU many small tufts and some with seed,ARPU9,Aristida purpurea,Native,Perennial,Grass
ARPU multiple individuals,ARPU9,Aristida purpurea,Native,Perennial,Grass
ARPU numerous individuals,ARPU9,Aristida purpurea,Native,Perennial,Grass
ARPU small tufts and a tall individual,ARPU9,Aristida purpurea,Native,Perennial,Grass
ARPU9,ARPU9,Aristida purpurea,Native,Perennial,Grass
ARPUP6,ARPU9,Aristida purpurea,Native,Perennial,Grass
ARTE3,ARTE3,Aristida ternipes,Native,Perennial,Grass
ARWA,ARWA,Aristolochia watsonii,Native,Perennial,Forb
ASNU4,ASNU4,Astragalus nuttallianus,Native,Unknown,Forb
ASNU5,ASNU5,Astragalus nuttallii,Introduced,Perennial,Forb
ASTU,ASTU,Asclepias tuberosa,Native,Perennial,Forb
ATCA,ATCA,Atriplex californica,Native,Perennial,Forb
ATCA2,ATCA2,Atriplex canescens,Native,Perennial,Shrub
ATCO,ATCO,Atriplex confertifolia,Native,Perennial,Shrub
AVFA,AVFA,Avena fatua,Introduced,Annual,Grass
Aristida species between the northeast and southeast pits possibly an ARPU if not than seeded species cover would be 0%,ARPU9,Aristida purpurea,Native,Perennial,Grass
At least 10 ARPUs throughout small to large in size,ARPU9,Aristida purpurea,Native,Perennial,Grass
BAAB,BAAB,Bahia absinthifolia,Native,Perennial,Forb
BAHI,BAHI,Balsamorhiza hookeri,Native,Perennial,Forb
BAMU,BAMU,Baileya multiradiata,Native,Unknown,Forb
BOAR,BOAR,Bouteloua aristidoides,Native,Annual,Grass
BOBA2,BOBA2,Bouteloua barbata,Native,Annual,Grass
BOBAB3,BOBAB3,Bouteloua barbata v. barbata,Native,Annual,Grass
BOCO,BOCO,Boerhavia coccinea,Native,Perennial,Forb
BOCU,BOCU,Bouteloua curtipendula,Native,Perennial,Grass
BOCU just outside NE corner with a little overhang and possibly in,0,0,0,0,0
BOCU partially in/on the west edge of the plot and a possible ARPU,ARPU9,Aristida purpurea,Native,Perennial,Grass
BOCU partially in/on the west edge of the plot and a possible ARPU,BOCU,Bouteloua curtipendula,Native,Perennial,Grass
BOCUs,BOCU,Bouteloua curtipendula,Native,Perennial,Grass
"BOCUs with some new growth, green vegetation",BOCU,Bouteloua curtipendula,Native,Perennial,Grass
BOER,BOER4,Bouteloua eriopoda,Native,Perennial,Grass
BOER (2 certainty) on edge of the southwest pit,BOER4,Bouteloua eriopoda,Native,Perennial,Grass
BOER in center/near southwest conmod possibly 5-8,BOER4,Bouteloua eriopoda,Native,Perennial,Grass
BOER4,BOER4,Bouteloua eriopoda,Native,Perennial,Grass
BOERH2,BOERH2,Boerhavia,Native,Unknown,Forb
BOGR2,BOGR2,Bouteloua gracilis,Native,Perennial,Grass
BOIN,BOIN,Boerhavia intermedia,Native,Annual,Forb
BOIN3,BOIN3,Bowlesia incana,Native,Annual,Forb
BORA,BORA,Bouteloua radicosa,Native,Perennial,Grass
BORO2,BORO2,Bouteloua rothrockii,Native,Perennial,Grass
BOSI2,BOSI2,Bouteloua simplex,Native,Annual,Grass
BOUBAR,BOBAB3,Bouteloua barbata v. barbata,Native,Annual,Grass
BRDI3,BRDI3,Bromus diandrus,Introduced,Unknown,Grass
BRNI,BRNI,Brassica nigra,Introduced,Annual,Forb
BRRU2,BRRU2,Bromus rubens,Introduced,Annual,Grass
BRTE,BRTE,Bromus tectorum,Introduced,Annual,Grass
Blue grama BOGR in the S half of the plot don't confuse with black grama BOER,BOGR2,Bouteloua gracilis,Native,Perennial,Grass
Bouteloua on W edge but almost positive it's BOGR (blue gramma) not BOER (black gramma),BOGR2,Bouteloua gracilis,Native,Perennial,Grass
CACI2,CACI2,Calandrinia ciliata,Native,Annual,Forb
CACLL,CACLL,Camissonia claviformis,Native,Annual,Forb
CAEXE,CAEXE,Castilleja exserta,Native,Annual,Forb
CANU3,CANU3,Calochortus nuttallii,Native,Perennial,Forb
CEME2,CEME2,Centaurea melitensis,Introduced,Annual,Forb
CETE5,CETE5,Ceratocephala testiculata,Introduced,Annual,Forb
CHAL11,CHAL11,Chamaesyce albomarginata,Native,Perennial,Forb
CHBR,CHBR,Chorizanthe brevicornu,Native,Annual,Forb
CHCO2,CHCO2,Chamaesaracha coronopus,Native,Perennial,Forb
CHER2,CHER2,Chaetopappa ericoides,Native,Perennial,Forb
CHFR3,CHFR3,Chenopodium fremontii,Native,Annual,Forb
CHHY3,CHHY3,Chamaesyce hyssopifolia,Native,Unknown,Forb
CHIN2,CHIN2,Chenopodium incanum,Native,Annual,Forb
CHPO12,CHPO12,Chamaesyce polycarpa,Native,Unknown,Forb
CHTE2,CHTE2,Chorispora tenella,Introduced,Annual,Forb
CHVI4,CHVI4,Chloris virgata,Native,Annual,Grass
CHWA,CHWA,Chenopodium watsonii,Native,Annual,Forb
CLLU2,CLLU2,Cleome lutea,Native,Annual,Forb
COAU2,COAU2,Corydalis aurea,Native,Annual,Forb
COCA5,COCA5,Conyza canadensis,Native,Annual,Forb
COCA8,COCA8,Coreopsis califonica,Native,Annual,Forb
COEQ,COEQ,Convolvulus equitans,Native,Unknown,Forb
CRAN4,CRAN4,Cryptantha angustifolia,Native,Annual,Forb
CRBA5,CRBA5,Cryptantha barbigera,Native,Annual,Forb
CRCO34,CRCO34,Crassula connata,Native,Annual,Forb
CRCR3,CRCR3,Cryptantha crassisepala,Native,Annual,Forb
CRIN8,CRIN8,Cryptantha intermedia,Native,Annual,Forb
CRPO5,CRPO5,Croton pottsii,Native,Perennial,Forb
CRSE1,CRSE11,Croton setigerus,Native,Annual,Forb
CRSE11,CRSE11,Croton setigerus,Native,Annual,Forb
CYAC,CYAC,Cymopterus acaulis,Native,Perennial,Forb
Conmods are starting to lose shape and are partially flopping over with a high amount of debris/dirt buildup. SW conmod is partially buried,0,0,0,0,0
Couple big ARPUs and a few small ones throughout,ARPU9,Aristida purpurea,Native,Perennial,Grass
Couple extra large BOCUs,BOCU,Bouteloua curtipendula,Native,Perennial,Grass
Couple medium sized ARPUs (not completely sure 2/3 on certainty of ID) and a large BOCU right next to the NW plot marker rooted just outside of the plot but some overhangs into the plot,ARPU9,Aristida purpurea,Native,Perennial,Grass
Couple medium sized ARPUs (not completely sure 2/3 on certainty of ID) and a large BOCU right next to the NW plot marker rooted just outside of the plot but some overhangs into the plot,BOCU,Bouteloua curtipendula,Native,Perennial,Grass
Couple small to medium ARPUs throughout and a couple small SECOs in N half of the plot typically hidden under/using ERCU as a shade plant,ARPU9,Aristida purpurea,Native,Perennial,Grass
Couple small to medium ARPUs throughout and a couple small SECOs in N half of the plot typically hidden under/using ERCU as a shade plant,ERCU2,Eragrostis curvula,Introduced,Perennial,Grass
Couple small to medium ARPUs throughout and a couple small SECOs in N half of the plot typically hidden under/using ERCU as a shade plant,SECO10,Senna covesii,Native,Perennial,Forb
Cymopterus,Cymopterus,Cymopterus spp.,Native,Perennial,Forb
DACA,DACA7,Dalea candida,Native,Perennial,Forb
DACA7,DACA7,Dalea candida,Native,Perennial,Forb
DAPU3,DAPU3,Daucus pusillus,Native,Annual,Forb
DAPU7,DAPU7,Dasyochloa pulchella,Native,Perennial,Grass
DEPI,DEPI,Descurainia pinnata,Native,Unknown,Forb
DESO2,DESO2,Descurainia sophia,Introduced,Annual,Forb
DICA14,DICA14,Dichelostemma capitatum,Native,Perennial,Forb
DICA8,DICA8,Digitaria californica,Native,Perennial,Grass
DINE2,DINE2,Argythamnia neomexicana,Native,Unknown,Forb
DRCU,DRCU,Draba cuneifolia,Native,Annual,Forb
DRCUI,DRCUI,Draba cuneifolia var. integrifolia,Native,Annual,Forb
DeadStem,DeadStem,Dead stem,Unknown,Unknown,Forb
ELEL5,ELEL5,Elymus elymoides,Native,Perennial,Grass
ELEL5 (seeded),ELEL5,Elymus elymoides,Native,Perennial,Grass
ELEL5 (unseeded),ELEL5,Elymus elymoides,Native,Perennial,Grass
ELTR7,ELTR7,Elymus trachycaulus,Native,Perennial,Grass
ELTR7 (seeded),ELTR7,Elymus trachycaulus,Native,Perennial,Grass
ELWA,ELWA2,Elymus wawawaiensis,Native,Perennial,Grass
ELWA2,ELWA2,Elymus wawawaiensis,Native,Perennial,Grass
ELWA2 (seeded),ELWA2,Elymus wawawaiensis,Native,Perennial,Grass
ENDE,ENDE,Enneapogon desvauxii,Native,Perennial,Grass
ENFA,ENFA,Encelia farinosa,Native,Perennial,Shrub
ERAB2,ERAB2,Eriogonum abertianum,Native,Annual,Forb
ERCI6,ERCI6,Erodium cicutarium,Introduced,Annual,Forb
ERCU2,ERCU2,Eragrostis curvula,Introduced,Perennial,Grass
ERDED4,ERDED4,Eriogonum deflexum,Native,Annual,Forb
ERDI2,ERDI2,Eriastrum diffusum,Native,Annual,Forb
ERER2,ERER2,Eriastrum eremicum,Native,Annual,Forb
ERFA2,ERFA2,Eriogonum fasciculatum,Native,Perennial,Forb
ERIAS,ERIAS,Eriastrum,Native,Unknown,Forb
ERIN4,ERIN4,Eriogonum inflatum,Native,Unknown,Forb
ERLA12,ERLA12,Ericameria laricifolia,Native,Perennial,Shrub
ERLE,ERLE,Eragrostis lehmanniana,Introduced,Perennial,Grass
ERPA11,ERPA11,Eriogonum palmerianum,Native,Annual,Forb
ERPO4,ERPO4,Eriogonum polycladon,Native,Annual,Forb
ERRA3,ERRA3,Eriogonum racemosum,Native,Perennial,Forb
ERSU,ERSU,Eragrostis superba,Introduced,Perennial,Grass
ERTR8,ERTR8,Eriogonum trichopes,Native,Annual,Forb
ERVE5,ERVE5,Eruca vesicaria,Introduced,Annual,Forb
ESCA2,ESCA2,Eschscholzia californica,Native,Unknown,Forb
ESCAM,ESCAM,Eschscholzia californica ssp. mexicana,Native,Unknown,Forb
EUAB,EUAB,Chamaesyce abramsiana,Native,Annual,Forb
EUME3,EUME3,Chamaesyce melanadenia,Native,Perennial,Forb
EUPO3,CHPO12,Chamaesyce polycarpa,Native,Unknown,Forb
EVAR,EVAR,Evolvulus arizonicus,Native,Perennial,Forb
Extra large BOCU,BOCU,Bouteloua curtipendula,Native,Perennial,Grass
Extra large BOER in S half and medium sized one next to NE plot  corner that partially hangs in and at least 2 small ones within the plot as well,BOER4,Bouteloua eriopoda,Native,Perennial,Grass
Extra large to medium large BOCUs throughout and at least 2 tiny SECO near/in SE pit and NE/subplot pit,BOCU,Bouteloua curtipendula,Native,Perennial,Grass
Extra large to medium large BOCUs throughout and at least 2 tiny SECO near/in SE pit and NE/subplot pit,SECO10,Senna covesii,Native,Perennial,Forb
Few small to medium ARPUs spaced throughout,ARPU9,Aristida purpurea,Native,Perennial,Grass
GIST,GIST,Gilia stellata,Native,Annual,Forb
GLGO,GLGO,Glandularia gooddingii,Native,Perennial,Forb
GNPA,GNPA,Gnaphalium palustre,Native,Annual,Forb
GUSA2,GUSA2,Gutierrezia sarothrae,Native,Perennial,Shrub
HAGL,HAGL,Halogeton glomeratus,Introduced,Annual,Forb
HAPAA,HAPAA,Harpagonella palmeri,Native,Annual,Forb
HEBO,HEBO,Hedysarum boreale,Native,Perennial,Forb
HECI,HECI,Helianthus ciliaris,Native,Perennial,Forb
HECO26,HECO26,Hesperostipa comata,Native,Perennial,Grass
HEHIC,HEHIC,Herniaria hirsuta,Introduced,Annual,Forb
HEMU,HEMU3,Heliomeris multiflora,Native,Perennial,Forb
HEMU3,HEMU3,Heliomeris multiflora,Native,Perennial,Forb
HIIN3,HIIN3,Hirschfeldia incana,Introduced,Unknown,Forb
HOGL2,HOGL2,Hoffmannseggia glauca,Native,Perennial,Forb
HOIN,HOIN2,Hordeum intercedens,Native,Annual,Grass
HOMU,HOMU,Hordeum murinum,Introduced,Annual,Grass
HOPU,HOPU,Hordeum pusillum,Native,Annual,Grass
HYVE,HYVE,Hybanthus verticillatus,Native,Perennial,Forb
IPLO2,IPLO2,Ipomopsis longiflora,Native,Annual,Forb
KAGR,KAGR,Kallstroemia grandiflora,Native,Annual,Forb
KAHI,KAHI,Kallstroemia hirsutissima,Native,Annual,Forb
KRLA2,KRLA2,Krascheninnikovia lanata,Native,Perennial,Shrub
LACA7,LACA7,Lasthenia californica,Native,Unknown,Forb
LAGL5,LAGL5,Layia glandulosa,Native,Annual,Forb
LAGR10,LAGR10,Lasthenia gracilis,Native,Annual,Forb
LAOC3,LAOC3,Lappula occidentalis,Native,Annual,Forb
LATR2,LATR2,Larrea tridentata,Native,Perennial,Shrub
LEAU16,LEAU16,Leptosiphon aureus,Native,Annual,Forb
LECI4,LECI4,Leymus cinereus,Native,Perennial,Grass
LEFR2,LEFR2,Lepidium fremontii,Native,Perennial,Shrub
LELA,LELA,Lepidium lasiocarpum,Native,Annual,Forb
LEPA6,LEPA6,Leptochloa panicea,Native,Unknown,Grass
LETH2,LETH2,Lepidium thurberi,Native,Annual,Forb
LIBI2,LIBI2,Linanthus bigelovii,Native,Annual,Forb
LILE,LILE,Leptosiphon lemmonii,Native,Annual,Forb
LILE3,LILE3,Linum lewisii,Native,Perennial,Forb
LOAR12,LOAR12,Logfia arizonica,Native,Annual,Forb
LOESE2,LOESE2,Loeseliastrum franciscanum,Native,Annual,Forb
LOGR4,LOGR4,Lotus greenei,Native,Perennial,Forb
LOHU2,LOHU2,Lotus humistratus,Native,Annual,Forb
LOSA,LOSA,Lotus salsuginosus,Native,Annual,Forb
LOSQ,LOSQ,Loeflingia squarrosa,Native,Annual,Forb
LOSTT,LOSTT,Lotus strigosus,Native,Annual,Forb
LUCO,LUCO,Lupinus concinnus,Native,Annual,Forb
LUSP2,LUSP2,Lupinus sparsiflorus,Native,Annual,Forb
Large BOCU in the southeast with a few small ones throughout and about 5 ARPUs small to large in size that're mostly near the conmods,ARPU9,Aristida purpurea,Native,Perennial,Grass
Large BOCU in the southeast with a few small ones throughout and about 5 ARPUs small to large in size that're mostly near the conmods,BOCU,Bouteloua curtipendula,Native,Perennial,Grass
Large and medium BOCUs in plot,BOCU,Bouteloua curtipendula,Native,Perennial,Grass
MAAF,MAAF,Malcolmia africana,Introduced,Annual,Forb
MADI6,MADI6,Matricaria discoidea,Introduced,Annual,Forb
MAGL3,MAGL3,Malacothrix glabrata,Native,Annual,Forb
MAGR10,MAGR10,Machaeranthera gracilis,Native,Annual,Forb
MAPA5,MAPA5,Malva parviflora,Introduced,Unknown,Forb
MATA is the SW corner,MATA2,Machaeranthera tanacetifolia,Native,Annual,Forb
MATA seedling in southwest section,MATA2,Machaeranthera tanacetifolia,Native,Annual,Forb
MATA seedlings in the southeast corner of the plot,MATA2,Machaeranthera tanacetifolia,Native,Annual,Forb
MATA2,MATA2,Machaeranthera tanacetifolia,Native,Annual,Forb
MEAL6,MEAL6,Mentzelia albicaulis,Native,Annual,Forb
MEIN2,MEIN2,Melilotus indicus,Introduced,Annual,Forb
MEMO4,MEMO4,Mentzelia montana,Native,Annual,Forb
MEOF,MEOF,Melilotus officinalis,Introduced,Unknown,Forb
MIGR,MIGR,Microsteris gracilis,Native,Annual,Forb
MILA6,MILA6,Mirabilis laevis,Native,Perennial,Forb
MOCE,MOCE,Mollugo cerviana,Introduced,Annual,Forb
MONU,MONU,Monolepis nuttalliana,Native,Annual,Forb
MOVE,MOVE,Mollugo verticillata,Native,Annual,Forb
MUPO2,MUPO2,Muhlenbergia porteri,Native,Perennial,Grass
Medium BOCU mostly rooted outside of the SW side of the plot butr partially in with some overhang,BOCU,Bouteloua curtipendula,Native,Perennial,Grass
"Medium SECO in/near NW pit with a couple tiny seedlings scattered throughout, medium BAMU in the middle, a few small to medium/large ARPUs sprinkled throughout, possibly a small ACHY in SE section (wirey leaf blades that clasp the stem, hairs at the node, only one seed head but similar to examples)",ACHY,Achnatherum hymenoides,Native,Perennial,Grass
"Medium SECO in/near NW pit with a couple tiny seedlings scattered throughout, medium BAMU in the middle, a few small to medium/large ARPUs sprinkled throughout, possibly a small ACHY in SE section (wirey leaf blades that clasp the stem, hairs at the node, only one seed head but similar to examples)",ARPU9,Aristida purpurea,Native,Perennial,Grass
"Medium SECO in/near NW pit with a couple tiny seedlings scattered throughout, medium BAMU in the middle, a few small to medium/large ARPUs sprinkled throughout, possibly a small ACHY in SE section (wirey leaf blades that clasp the stem, hairs at the node, only one seed head but similar to examples)",BAMU,Baileya multiradiata,Native,Unknown,Forb
"Medium SECO in/near NW pit with a couple tiny seedlings scattered throughout, medium BAMU in the middle, a few small to medium/large ARPUs sprinkled throughout, possibly a small ACHY in SE section (wirey leaf blades that clasp the stem, hairs at the node, only one seed head but similar to examples)",SECO10,Senna covesii,Native,Perennial,Forb
Medium sized BOCU and ARPU,ARPU9,Aristida purpurea,Native,Perennial,Grass
Medium sized BOCU and ARPU,BOCU,Bouteloua curtipendula,Native,Perennial,Grass
Medium to large ARPUs throughout and a couple small and medium BOCUs near the N conmods and a few teeny tiny SECOs near conmods as well,ARPU9,Aristida purpurea,Native,Perennial,Grass
Medium to large ARPUs throughout and a couple small and medium BOCUs near the N conmods and a few teeny tiny SECOs near conmods as well,BOCU,Bouteloua curtipendula,Native,Perennial,Grass
Medium to large ARPUs throughout and a couple small and medium BOCUs near the N conmods and a few teeny tiny SECOs near conmods as well,SECO10,Senna covesii,Native,Perennial,Forb
Might possibly be a small POSE,POSE,Poa secunda,Native,Perennial,Grass
More Blue grama Don't confuse with Black,BOGR2,Bouteloua gracilis,Native,Perennial,Grass
More of what we called BOCU in last plot,BOCU,Bouteloua curtipendula,Native,Perennial,Grass
Multipke medium to large ARPUs and BOCUs as well as a BAMU in the northeast corner but it doesnt have any new/living growth yet,ARPU9,Aristida purpurea,Native,Perennial,Grass
Multipke medium to large ARPUs and BOCUs as well as a BAMU in the northeast corner but it doesnt have any new/living growth yet,BAMU,Baileya multiradiata,Native,Unknown,Forb
Multipke medium to large ARPUs and BOCUs as well as a BAMU in the northeast corner but it doesnt have any new/living growth yet,BOCU,Bouteloua curtipendula,Native,Perennial,Grass
"Multiple ARPUs small to large sized throughout, possible ACHY in the SE pit, and a couple teeny tiny SECOs in/around some of the pits",ACHY,Achnatherum hymenoides,Native,Perennial,Grass
"Multiple ARPUs small to large sized throughout, possible ACHY in the SE pit, and a couple teeny tiny SECOs in/around some of the pits",ARPU9,Aristida purpurea,Native,Perennial,Grass
"Multiple ARPUs small to large sized throughout, possible ACHY in the SE pit, and a couple teeny tiny SECOs in/around some of the pits",SECO10,Senna covesii,Native,Perennial,Forb
Multiple BOCU's medium-large and a possible medium sized ARPU,ARPU9,Aristida purpurea,Native,Perennial,Grass
Multiple BOCU's medium-large and a possible medium sized ARPU,BOCU,Bouteloua curtipendula,Native,Perennial,Grass
Multiple BOCUS and a couple possible ARPUs throughout,ARPU9,Aristida purpurea,Native,Perennial,Grass
Multiple BOCUS and a couple possible ARPUs throughout,BOCU,Bouteloua curtipendula,Native,Perennial,Grass
Multiple BOCUs throughout,BOCU,Bouteloua curtipendula,Native,Perennial,Grass
Multiple med to extra large BOCUs and a few small to large ARPUs,ARPU9,Aristida purpurea,Native,Perennial,Grass
Multiple med to extra large BOCUs and a few small to large ARPUs,BOCU,Bouteloua curtipendula,Native,Perennial,Grass
Multiple medium to extra large ARPUS,ARPU9,Aristida purpurea,Native,Perennial,Grass
Multiple medium to extra large ARPUs and large BAMU along the N edge of the plot along with possible tiny seedlings in same pits,ARPU9,Aristida purpurea,Native,Perennial,Grass
Multiple medium to extra large ARPUs and large BAMU along the N edge of the plot along with possible tiny seedlings in same pits,BOCU,Bouteloua curtipendula,Native,Perennial,Grass
Multiple medium to extra large ARPUs mostly in/near conmods,ARPU9,Aristida purpurea,Native,Perennial,Grass
Multiple medium to extra large ARPUs throught and SECo in the northwest corner under an ERCU,ARPU9,Aristida purpurea,Native,Perennial,Grass
Multiple medium to extra large ARPUs throught and SECo in the northwest corner under an ERCU,ERCU2,Eragrostis curvula,Introduced,Perennial,Grass
Multiple medium to extra large ARPUs throught and SECo in the northwest corner under an ERCU,SECO10,Senna covesii,Native,Perennial,Forb
Multiple medium to extra large BOCUs and ARPUs throughout but mostly near and aroudn conmods,ARPU9,Aristida purpurea,Native,Perennial,Grass
Multiple medium to extra large BOCUs and ARPUs throughout but mostly near and aroudn conmods,BOCU,Bouteloua curtipendula,Native,Perennial,Grass
Multiple medium to large ARPU and small/medium BOCU near the NE corner and a couple tiny SECOs,ARPU9,Aristida purpurea,Native,Perennial,Grass
Multiple medium to large ARPU and small/medium BOCU near the NE corner and a couple tiny SECOs,BOCU,Bouteloua curtipendula,Native,Perennial,Grass
Multiple medium to large ARPU and small/medium BOCU near the NE corner and a couple tiny SECOs,SECO10,Senna covesii,Native,Perennial,Forb
Multiple medium to large ARPUs and BOCUs (mostly ARPUs) as well as a possible PLMU in the center of the plot,ARPU9,Aristida purpurea,Native,Perennial,Grass
Multiple medium to large ARPUs and BOCUs (mostly ARPUs) as well as a possible PLMU in the center of the plot,BOCU,Bouteloua curtipendula,Native,Perennial,Grass
Multiple medium to large ARPUs and BOCUs (mostly ARPUs) as well as a possible PLMU in the center of the plot,PLMU3,Pleuraphis mutica,Native,Perennial,Grass
Multiple medium to large ARPUs and BOCUs along the northeast edge,ARPU9,Aristida purpurea,Native,Perennial,Grass
Multiple medium to large ARPUs and BOCUs along the northeast edge,BOCU,Bouteloua curtipendula,Native,Perennial,Grass
"Multiple medium to large ARPUs and possibly and ACHY seedling in the southeast pit (wirey, narrow, clasping blades)",ACHY,Achnatherum hymenoides,Native,Perennial,Grass
"Multiple medium to large ARPUs and possibly and ACHY seedling in the southeast pit (wirey, narrow, clasping blades)",ARPU9,Aristida purpurea,Native,Perennial,Grass
Multiple medium to large ARPUs throughout and a couple small BOCUs near and among the conmods,ARPU9,Aristida purpurea,Native,Perennial,Grass
Multiple medium to large ARPUs throughout and a couple small BOCUs near and among the conmods,BOCU,Bouteloua curtipendula,Native,Perennial,Grass
Multiple small to large ARPUs throughout along with a large BAMU in center and a medium sized BOCU in the NW section,ARPU9,Aristida purpurea,Native,Perennial,Grass
Multiple small to large ARPUs throughout along with a large BAMU in center and a medium sized BOCU in the NW section,BOCU,Bouteloua curtipendula,Native,Perennial,Grass
Multiple small to large sized ARPUs spread throughout and a medium sized BOCU in the northwest corner,ARPU9,Aristida purpurea,Native,Perennial,Grass
Multiple small to large sized ARPUs spread throughout and a medium sized BOCU in the northwest corner,BOCU,Bouteloua curtipendula,Native,Perennial,Grass
Multiple small to medium ARPUs and BOCUs along with a possible PLMU (rough feeling leaves and similar seeds) with a couple small/medium BAMU that are in or near the N half of the pits and a couple small SECO seedlings sprinkled throughout,ARPU9,Aristida purpurea,Native,Perennial,Grass
Multiple small to medium ARPUs and BOCUs along with a possible PLMU (rough feeling leaves and similar seeds) with a couple small/medium BAMU that are in or near the N half of the pits and a couple small SECO seedlings sprinkled throughout,BAMU,Baileya multiradiata,Native,Unknown,Forb
Multiple small to medium ARPUs and BOCUs along with a possible PLMU (rough feeling leaves and similar seeds) with a couple small/medium BAMU that are in or near the N half of the pits and a couple small SECO seedlings sprinkled throughout,BOCU,Bouteloua curtipendula,Native,Perennial,Grass
Multiple small to medium ARPUs and BOCUs along with a possible PLMU (rough feeling leaves and similar seeds) with a couple small/medium BAMU that are in or near the N half of the pits and a couple small SECO seedlings sprinkled throughout,PLMU3,Pleuraphis mutica,Native,Perennial,Grass
Multiple small to medium ARPUs and BOCUs along with a possible PLMU (rough feeling leaves and similar seeds) with a couple small/medium BAMU that are in or near the N half of the pits and a couple small SECO seedlings sprinkled throughout,SECO10,Senna covesii,Native,Perennial,Forb
NAHI,NAHI,Nama hispidum,Native,Annual,Forb
No new growth on the BAMU in the northeast corner yet,BAMU,Baileya multiradiata,Native,Unknown,Forb
"No new growth or green vegetation on SECO in the northwest pit but still there, there's a BAMU in the southwest pit as well, possibly ACHY in the south half of the plot, multiple medium to large sized ARPUs mostly in and/or near pits but not all",ACHY,Achnatherum hymenoides,Native,Perennial,Grass
"No new growth or green vegetation on SECO in the northwest pit but still there, there's a BAMU in the southwest pit as well, possibly ACHY in the south half of the plot, multiple medium to large sized ARPUs mostly in and/or near pits but not all",ARPU9,Aristida purpurea,Native,Perennial,Grass
"No new growth or green vegetation on SECO in the northwest pit but still there, there's a BAMU in the southwest pit as well, possibly ACHY in the south half of the plot, multiple medium to large sized ARPUs mostly in and/or near pits but not all",BAMU,Baileya multiradiata,Native,Unknown,Forb
"No new growth or green vegetation on SECO in the northwest pit but still there, there's a BAMU in the southwest pit as well, possibly ACHY in the south half of the plot, multiple medium to large sized ARPUs mostly in and/or near pits but not all",SECO10,Senna covesii,Native,Perennial,Forb
None seeded,0,0,0,0,0
Not in the Med mix but there are a couple young SECOs,SECO10,Senna covesii,Native,Perennial,Forb
Not recorded,0,0,0,0,0
OESP,OESP,Oenothera spachiana,Native,Annual,Forb
ONPI,ONPI,Oncosiphon piluliferum,Introduced,Annual,Forb
PACA6,PACA6,Panicum capillare,Native,Annual,Grass
PAHI5,PAHI5,Panicum hirticaule,Native,Annual,Grass
PAHI7,PAHI7,Oplismenus hirtellus (Panicum hirtellum),Introduced,Perennial,Grass
PAMI5,PAMI5,Parkinsonia microphylla,Native,Perennial,Shrub
PASM,PASM,Pascopyrum smithii,Native,Perennial,Grass
PASM (maybe),PASM,Pascopyrum smithii,Native,Perennial,Grass
PECTO,PECTO,Pectocarya,Native,Annual,Forb
PEHE,PEHE,Pectocarya heterocarpa,Native,Annual,Forb
PEPA (possibly),PEPA8,Penstemon palmeri,Native,Perennial,Forb
PEPA2,PEPA2,Pectis papposa,Native,Annual,Forb
PEPA8,PEPA8,Penstemon palmeri,Native,Perennial,Forb
PEPE26,PEPE26,Pectocarya penicillata,Native,Annual,Forb
PEPL,PEPL,Pectocarya platycarpa,Native,Annual,Forb
PERE,PERE,Pectocarya recurvata,Native,Annual,Forb
PHDI,PHDI,Phacelia distans,Native,Unknown,Forb
PHLO2,PHLO2,Phlox longifolia,Native,Perennial,Forb
PHNE3,PHNE3,Phacelia neomexicana,Native,Annual,Forb
PHYSA,PHYSA,Physalis,Unknown,Unknown,Forb
PLANT,PLANT,Plantago,Unknown,Unknown,Forb
PLAR,PLAR,Plagiobothrys arizonicus,Native,Annual,Forb
PLJA,PLJA,Pleuraphis jamesii,Native,Perennial,Grass
PLMU3,PLMU3,Pleuraphis mutica,Native,Perennial,Grass
PLOV,PLOV,Plantago ovata,Native,Annual,Forb
PLPA2,PLPA2,Plantago patagonica,Native,Annual,Forb
PLPR3,PLPR3,Plagiobothrys pringlei,Native,Annual,Forb
POBI,POBI,Poa bigelovii,Native,Annual,Grass
POOL,POOL,Portulaca oleracea,Unknown,Annual,Forb
POPI3,POPI3,Portulaca pilosa,Native,Unknown,Forb
POSE,POSE,Poa secunda,Native,Perennial,Grass
POUM,POUM,Portulaca umbraticola,Native,Annual,Forb
PRGL2,PRGL2,Prosopis glandulosa,Native,Perennial,Shrub
PRVE,PRVE,Prosopis velutina,Native,Perennial,Shrub
PSCA11,PSCA11,Pseudognaphalium canescens,Native,Unknown,Forb
PSSP6,PSSP6,Pseudoroegneria spicata,Native,Perennial,Grass
PSSP6 (maybe),PSSP6,Pseudoroegneria spicata,Native,Perennial,Grass
Pits are mostly infilled or completely depending on pit anywhere from 80-100%,0,0,0,0,0
Possible ACHY near southwest corner (2 certainty) and about 10 ARPU small to medium in size with 2 of them next to the subplot but not quite in,ACHY,Achnatherum hymenoides,Native,Perennial,Grass
Possible ACHY near southwest corner (2 certainty) and about 10 ARPU small to medium in size with 2 of them next to the subplot but not quite in,ARPU9,Aristida purpurea,Native,Perennial,Grass
"Possible ARPUs, SECO seedling in subplot",ARPU9,Aristida purpurea,Native,Perennial,Grass
"Possible ARPUs, SECO seedling in subplot",SECO10,Senna covesii,Native,Perennial,Forb
Possible BOCUs but not in this mix,BOCU,Bouteloua curtipendula,Native,Perennial,Grass
Possible MATA seedling species in suplot and in the NW pit if not than 0% seeded species cover,MATA2,Machaeranthera tanacetifolia,Native,Annual,Forb
Possible MATA seedlings in the northwest pit and possibly a SPCR seedling but if neither than seeded species cover would be 0%,MATA2,Machaeranthera tanacetifolia,Native,Annual,Forb
Possible MATA seedlings in the northwest pit and possibly a SPCR seedling but if neither than seeded species cover would be 0%,SPCR,Sporobolus cryptandrus,Native,Perennial,Grass
Possible Poa secunda POSE just outside of NE plot corner but not in/overhanging yet due to small size,0,0,0,0,0
Possible S-PASM seedlings,PASM,Pascopyrum smithii,Native,Perennial,Grass
Possible SPCR along the northeast edge as well as a possible PEPA seedling next to the subplot if neither than 0% seeded cover,PEPA8,Penstemon palmeri,Native,Perennial,Forb
Possible SPCR along the northeast edge as well as a possible PEPA seedling next to the subplot if neither than 0% seeded cover,SPCR,Sporobolus cryptandrus,Native,Perennial,Grass
"Possible SPCR in subplot, Blue not Black grama",BOGR2,Bouteloua gracilis,Native,Perennial,Grass
"Possible SPCR in subplot, Blue not Black grama",SPCR,Sporobolus cryptandrus,Native,Perennial,Grass
"Possible couple small ASTUs along with multiple medium to extra large ARPUs, possibly a few BAMU seedlings as well as a couple tiny to small SECOs throughout",ARPU9,Aristida purpurea,Native,Perennial,Grass
"Possible couple small ASTUs along with multiple medium to extra large ARPUs, possibly a few BAMU seedlings as well as a couple tiny to small SECOs throughout",ASTU,Asclepias tuberosa,Native,Perennial,Forb
"Possible couple small ASTUs along with multiple medium to extra large ARPUs, possibly a few BAMU seedlings as well as a couple tiny to small SECOs throughout",BAMU,Baileya multiradiata,Native,Unknown,Forb
"Possible couple small ASTUs along with multiple medium to extra large ARPUs, possibly a few BAMU seedlings as well as a couple tiny to small SECOs throughout",SECO10,Senna covesii,Native,Perennial,Forb
"Possible small SPCR near middle of the east edge (no tiller, culm, or seed heads but fuzziness/hairs at the ligule) and possible POSE next to the subplot (all leaf blades and midvein on bottome) if not than 0% seeded species cover",POSE,Poa secunda,Native,Perennial,Grass
"Possible small SPCR near middle of the east edge (no tiller, culm, or seed heads but fuzziness/hairs at the ligule) and possible POSE next to the subplot (all leaf blades and midvein on bottome) if not than 0% seeded species cover",SPCR,Sporobolus cryptandrus,Native,Perennial,Grass
Possible young BOCU and ARPU but no seed heads yet therfor unsure ifit is than seeded species cover is 1% but if not it's trace amount because of a few SECOs all found in or near pits,ARPU9,Aristida purpurea,Native,Perennial,Grass
Possible young BOCU and ARPU but no seed heads yet therfor unsure ifit is than seeded species cover is 1% but if not it's trace amount because of a few SECOs all found in or near pits,BOCU,Bouteloua curtipendula,Native,Perennial,Grass
Possible young BOCU and ARPU but no seed heads yet therfor unsure ifit is than seeded species cover is 1% but if not it's trace amount because of a few SECOs all found in or near pits,SECO10,Senna covesii,Native,Perennial,Forb
Possibly 2 BOCUs (2 certainty) but very little green left to help identify,BOCU,Bouteloua curtipendula,Native,Perennial,Grass
Possibly a BOCU but has been grazed down completely and hard to confirm,BOCU,Bouteloua curtipendula,Native,Perennial,Grass
Possibly a SPCR,SPCR,Sporobolus cryptandrus,Native,Perennial,Grass
Possibly a couple of MATA seedlings and possibly a SPCR seedling in the subplot,MATA2,Machaeranthera tanacetifolia,Native,Annual,Forb
Possibly a couple of MATA seedlings and possibly a SPCR seedling in the subplot,SPCR,Sporobolus cryptandrus,Native,Perennial,Grass
Possibly a couple of small SPCRs in/near the northeast pit but if not than 0%,SPCR,Sporobolus cryptandrus,Native,Perennial,Grass
Possibly a small SPCR in the S half,SPCR,Sporobolus cryptandrus,Native,Perennial,Grass
Possibly a young ASTU if not seeded species cover is 0%,ASTU,Asclepias tuberosa,Native,Perennial,Forb
"Possibly small POSE and SPCR in the S half of the plot, BLUE grama not BLACK",BOGR2,Bouteloua gracilis,Native,Perennial,Grass
"Possibly small POSE and SPCR in the S half of the plot, BLUE grama not BLACK",POSE,Poa secunda,Native,Perennial,Grass
"Possibly small POSE and SPCR in the S half of the plot, BLUE grama not BLACK",SPCR,Sporobolus cryptandrus,Native,Perennial,Grass
Possibly two SPCRs (or possibly POSEs?) near the southwest and northwest (No sead heads yet but membraneous ligule with hair and blades at an almost 90 degrees fro the stems however if neither than the seeded species cover would be 0%,SPCR,Sporobolus cryptandrus,Native,Perennial,Grass
Potentially 3 or 4 BOCU (1 certainty) and possibly an ARPU (2) or othe ARsp. hard to be certain because all the grasses have been grazed down to nubs,BOCU,Bouteloua curtipendula,Native,Perennial,Grass
Probable BOCUs with apparent grazing,BOCU,Bouteloua curtipendula,Native,Perennial,Grass
Quite a few small tp extra large BOCUs throughout along with a possible ASTU,ASTU,Asclepias tuberosa,Native,Perennial,Forb
Quite a few small tp extra large BOCUs throughout along with a possible ASTU,BOCU,Bouteloua curtipendula,Native,Perennial,Grass
Regrowth of SPGR,SPGR2,Sphaeralcea grossulariifolia,Native,Perennial,Forb
S-HEBO,HEBO,Hedysarum boreale,Native,Perennial,Forb
S-PASM,PASM,Pascopyrum smithii,Native,Perennial,Grass
SAAB,SAAB,Sanvitalia abertii,Native,Annual,Forb
SACO6,SACO6,Salvia columbariae,Native,Annual,Forb
SARE,SARE3,Salvia reflexa,Native,Annual,Forb
SARE3,SARE3,Salvia reflexa,Native,Annual,Forb
SATR,SATR12,Salsola tragus,Introduced,Annual,Forb
SATR12,SATR12,Salsola tragus,Introduced,Annual,Forb
SCBA,SCBA,Schismus barbatus,Introduced,Annual,Grass
SCMU6,SCMU6,Schkuhria multiflora,Native,Annual,Forb
SCPI3,SCPI3,Schkuhria pinnata,Unknown,Annual,Forb
SEBA2,SEBA2,Senna bacillaris,Native,Perennial,Shrub
SEBA3,SEBA3,Senna bauhinioides,Native,Perennial,Forb
SECO10,SECO10,Senna covesii,Native,Perennial,Forb
SIAB,SIAB,Sida abutifolia,Introduced,Unknown,Forb
SIAL,SIAL2,Sisymbrium altissimum,Introduced,Annual,Forb
SIAL2,SIAL2,Sisymbrium altissimum,Introduced,Annual,Forb
SIAN2,SIAN2,Silene antirrhina,Native,Annual,Forb
SIIR,SIIR,Sisymbrium irio,Introduced,Annual,Forb
SINE,SINE,Sida neomexicana,Native,Perennial,Forb
SOEL,SOEL,Solanum elaeagnifolium,Native,Perennial,Forb
SOOL,SOOL,Sonchus oleraceus,Introduced,Annual,Forb
SORO,SORO,Solanum rostratum,Native,Annual,Forb
SPAI,SPAI,Sporobolus airoides,Native,Perennial,Grass
SPAM2,SPAM2,Sphaeralcea ambigua,Native,Perennial,Forb
SPAMA,SPAM2,Sphaeralcea ambigua,Native,Perennial,Forb
SPCO,SPCO,Sphaeralcea coccinea,Native,Perennial,Forb
SPCR,SPCR,Sporobolus cryptandrus,Native,Perennial,Grass
SPEC2,SPEC2,Spermolepis echinata,Native,Annual,Forb
SPGR2,SPGR2,Sphaeralcea grossulariifolia,Native,Perennial,Forb
STGN,STGN,Stylocline gnaphalioides,Native,Annual,Forb
STMI2,STMI2,Stylocline micropoides,Native,Annual,Forb
STSP3,STSP3,Stipa speciosa,Native,Perennial,Grass
SW conmod is overgrown with Blue grama but NO black grama but thee's a possible young PEPA by the NW conmod,BOGR2,Bouteloua gracilis,Native,Perennial,Grass
SW conmod is overgrown with Blue grama but NO black grama but thee's a possible young PEPA by the NW conmod,PEPA8,Penstemon palmeri,Native,Perennial,Forb
Small POSE near SW pit,POSE,Poa secunda,Native,Perennial,Grass
Small to large ARPUs and BOCUs along with a couple small SECOs as well as a possible PLMU in the middle (rough feeling and membranous ligule but no seed heads),ARPU9,Aristida purpurea,Native,Perennial,Grass
Small to large ARPUs and BOCUs along with a couple small SECOs as well as a possible PLMU in the middle (rough feeling and membranous ligule but no seed heads),BOCU,Bouteloua curtipendula,Native,Perennial,Grass
Small to large ARPUs and BOCUs along with a couple small SECOs as well as a possible PLMU in the middle (rough feeling and membranous ligule but no seed heads),PLMU3,Pleuraphis mutica,Native,Perennial,Grass
Small to large ARPUs and BOCUs along with a couple small SECOs as well as a possible PLMU in the middle (rough feeling and membranous ligule but no seed heads),SECO10,Senna covesii,Native,Perennial,Forb
Small to large ARPUs throughout along with a tiny baby SECO seedling in SE section,ARPU9,Aristida purpurea,Native,Perennial,Grass
Small to large ARPUs throughout along with a tiny baby SECO seedling in SE section,SECO10,Senna covesii,Native,Perennial,Forb
Small to large ARPUs throughout and a couple of small SECOs,ARPU9,Aristida purpurea,Native,Perennial,Grass
Small to large ARPUs throughout and a couple of small SECOs,SECO10,Senna covesii,Native,Perennial,Forb
Small to large ARPUs throughout especially in the south half of the plot,ARPU9,Aristida purpurea,Native,Perennial,Grass
Small to medium ARPUs throughout and a few tiny to small SECOs mostly near the conmods,ARPU9,Aristida purpurea,Native,Perennial,Grass
Small to medium ARPUs throughout and a few tiny to small SECOs mostly near the conmods,SECO10,Senna covesii,Native,Perennial,Forb
Small to medium ARPUs throughout and small/medium BAMU near the NE edge,ARPU9,Aristida purpurea,Native,Perennial,Grass
Small to medium ARPUs throughout and small/medium BAMU near the NE edge,BAMU,Baileya multiradiata,Native,Unknown,Forb
Small to medium/large ARPUs throughout especially in the S half of the plot,ARPU9,Aristida purpurea,Native,Perennial,Grass
Small/medium to large ARPUs and small to large BOCU throughout,ARPU9,Aristida purpurea,Native,Perennial,Grass
Small/medium to large ARPUs and small to large BOCU throughout,BOCU,Bouteloua curtipendula,Native,Perennial,Grass
"Some possible BOCUs but no seed heads, tillers, culms to verify ID yet but if all are BOCUs than it's 2% seeded species cover however if none are than there are a few SECOs throught mostly found in/near the pits",BOCU,Bouteloua curtipendula,Native,Perennial,Grass
"Some possible BOCUs but no seed heads, tillers, culms to verify ID yet but if all are BOCUs than it's 2% seeded species cover however if none are than there are a few SECOs throught mostly found in/near the pits",SECO10,Senna covesii,Native,Perennial,Forb
Some type of Aristida possibly and ARPU and maybe 1 small maybe BOCU near subplot that's been grazed down,ARPU9,Aristida purpurea,Native,Perennial,Grass
Southwest pit has 1 BAMU and 4 small ARPUs. Northwest pit has 2 medium and 2 small ARPUs and 1 dreid up SECO. There are a few more small to medium sized ARPUs throughout,ARPU9,Aristida purpurea,Native,Perennial,Grass
Southwest pit has 1 BAMU and 4 small ARPUs. Northwest pit has 2 medium and 2 small ARPUs and 1 dreid up SECO. There are a few more small to medium sized ARPUs throughout,BAMU,Baileya multiradiata,Native,Unknown,Forb
Southwest pit has 1 BAMU and 4 small ARPUs. Northwest pit has 2 medium and 2 small ARPUs and 1 dreid up SECO. There are a few more small to medium sized ARPUs throughout,SECO10,Senna covesii,Native,Perennial,Forb
TAPO5,TAPO5,Talinum polygaloides,Native,Perennial,Forb
TILA2,TILA2,Tidestromia lanuginosa,Native,Annual,Forb
TOIN,TOIN,Townsendia incana,Native,Unknown,Forb
TRMU,TRMU,Tridens muticus,Native,Perennial,Grass
TRPI,TRPI,Tradescantia pinetorum,Native,Perennial,Forb
TRTE,TRTE,Tribulus terrestris,Introduced,Annual,Forb
There're a couple possible tiny MATA seedlings in some of the pits if not MATA than 0% (too small to ID for sure),MATA2,Machaeranthera tanacetifolia,Native,Annual,Forb
There're a couple potential MATA seedlings near/under a couple of the larger grass bunches however if not MATA than 0% seeded species cover,MATA2,Machaeranthera tanacetifolia,Native,Annual,Forb
There're multiple BOCUs and a couple possible SECO seedlings,BOCU,Bouteloua curtipendula,Native,Perennial,Grass
There're multiple BOCUs and a couple possible SECO seedlings,SECO10,Senna covesii,Native,Perennial,Forb
"There's a possible POSE (boat/canoe leaf blades, greener than other grasses currently around, it's very basal and tufted too with a membraneous ligule however if it's not than 0% seeded species cover",POSE,Poa secunda,Native,Perennial,Grass
There's a possible SPCR along the north edge and southwest near the center however if neither are SPCRs than seeded species cover would be 0%,SPCR,Sporobolus cryptandrus,Native,Perennial,Grass
URLI5,URLI5,Microseris lindleyi,Native,Annual,Forb
VEEN,VEEN,Verbesina encelioides,Native,Annual,Forb
VEPE2,VEPE2,Veronica peregrina,Native,Annual,Forb
VEPEX2,VEPEX2,Veronica peregrina ssp. xalapensis,Native,Annual,Forb
VUOC,VUOC,Vulpia octoflora,Native,Annual,Grass
YUEL,YUEL,Yucca elata,Native,Perennial,Shrub
ZIGR,ZIGR,Zinnia grandiflora,Native,Perennial,Forb
none seeded,0,0,0,0,0
