Region,Site,CodeOriginal,NeedsItsDuplicate,DuplicateNum,Code,Name,Native,Duration,Lifeform,LocationDependence
Sonoran SE,SRER,1 BOCU,No,0,BOCU,Bouteloua curtipendula,Native,Perennial,Grass,independent
Sonoran SE,SRER,1 full BOCU (3) in the northwest corner. A couple potentially smaller grazed down ones throughout as well as a couple potential ARPUs (2),Yes,1,BOCU,Bouteloua curtipendula,Native,Perennial,Grass,independent
Sonoran SE,SRER,1 full BOCU (3) in the northwest corner. A couple potentially smaller grazed down ones throughout as well as a couple potential ARPUs (2),Yes,2,ARPU9,Aristida purpurea,Native,Perennial,Grass,independent
Sonoran SE,SRER,1 Possible PLJA (1 out of 3 on certainty) on south border as well as some BOCUs (might be BOER but probably BOCU or other BOsp.) Mostly grazed,Yes,1,PLJAspp,Possibly Pleuraphis jamesii,Native,Perennial,Grass,dependent
Sonoran SE,SRER,1 Possible PLJA (1 out of 3 on certainty) on south border as well as some BOCUs (might be BOER but probably BOCU or other BOsp.) Mostly grazed,Yes,2,BOCU/BOER4,"BOCUs, or might be BOER4",Native,Perennial,Grass,dependent
Sonoran SE,Patagonia,3 individual ARPUs  and a BOCU,Yes,1,ARPU9,Aristida purpurea,Native,Perennial,Grass,independent
Sonoran SE,Patagonia,3 individual ARPUs  and a BOCU,Yes,2,BOCU,Bouteloua curtipendula,Native,Perennial,Grass,independent
Sonoran SE,Patagonia,3 small ARPUs 1 on north border of subplot and other 2 in southwest section of plot,No,0,ARPU9,Aristida purpurea,Native,Perennial,Grass,independent
Sonoran SE,SRER,A couple BOCUs and a couple potential BOCU nubs and a possible ARPU,Yes,1,BOCU,Bouteloua curtipendula,Native,Perennial,Grass,independent
Sonoran SE,SRER,A couple BOCUs and a couple potential BOCU nubs and a possible ARPU,Yes,2,ARPU9,Aristida purpurea,Native,Perennial,Grass,independent
Sonoran SE,SRER,"A couple small SECOs mostly near conmods and possiblya young POSE near SE conmod, Also decent size patch (~1% cover) of SECO just near/outside N edge",Yes,1,SECO10,Senna covesii,Native,Perennial,Forb,independent
Sonoran SE,SRER,"A couple small SECOs mostly near conmods and possiblya young POSE near SE conmod, Also decent size patch (~1% cover) of SECO just near/outside N edge",Yes,2,POSE,Poa secunda,Native,Perennial,Grass,independent
Sonoran SE,Patagonia,A few ARPUs and young BOCUs mostly near/in the south half except for a smaller ARPU in the northwest and a BAMU just north of subplot,Yes,1,ARPU9,Aristida purpurea,Native,Perennial,Grass,independent
Sonoran SE,Patagonia,A few ARPUs and young BOCUs mostly near/in the south half except for a smaller ARPU in the northwest and a BAMU just north of subplot,Yes,2,BOCU,Bouteloua curtipendula,Native,Perennial,Grass,independent
Sonoran SE,Patagonia,A few ARPUs and young BOCUs mostly near/in the south half except for a smaller ARPU in the northwest and a BAMU just north of subplot,Yes,3,BAMU,Baileya multiradiata,Native,Unknown,Forb,independent
Sonoran SE,SRER,A few possible ARPUs (2 certainty) or other ARsp. (ARTE),No,0,ARPUspp,Aristida spp.,Native,Unknown,Grass,dependent
Sonoran SE,Patagonia,A few possible small SPCR in/around some of the pits,No,0,SPCR,Sporobolus cryptandrus,Native,Perennial,Grass,independent
Chihuahuan,Creosote,ACCH,No,0,ACCH,Unknown ACCH,Unknown,Unknown,Unknown,dependent
Colorado Plateau,Spiderweb,ALNI,No,0,ALNI,Unknown ALNI,Unknown,Unknown,Unknown,dependent
Colorado Plateau,BarTBar,AMASPP,No,0,AMASPP,Amaranthus spp.,Unknown,Unknown,Forb,dependent
Colorado Plateau,FlyingM,AMASPP,No,0,AMASPP,Amaranthus spp.,Unknown,Unknown,Forb,dependent
Sonoran SE,SRER,ARISPP,No,0,ARISPP,Aristida spp.,Native,Unknown,Grass,dependent
Sonoran SE,Patagonia,ARPU a few individuals,No,0,ARPU9,Aristida purpurea,Native,Perennial,Grass,independent
Sonoran SE,Patagonia,ARPU a few small tufts and 1 taller,No,0,ARPU9,Aristida purpurea,Native,Perennial,Grass,independent
Sonoran SE,Patagonia,ARPU about 5 individuals and an individual BAMU resprouting at base,Yes,1,ARPU9,Aristida purpurea,Native,Perennial,Grass,independent
Sonoran SE,Patagonia,ARPU about 5 individuals and an individual BAMU resprouting at base,Yes,2,BAMU,Baileya multiradiata,Native,Unknown,Forb,independent
Sonoran SE,Patagonia,"ARPU many individuals, BAMU 1 individual, PLMU (2) 1 individual, ACHY (2) 1 individual",Yes,1,ARPU9,Aristida purpurea,Native,Perennial,Grass,independent
Sonoran SE,Patagonia,"ARPU many individuals, BAMU 1 individual, PLMU (2) 1 individual, ACHY (2) 1 individual",Yes,2,BAMU,Baileya multiradiata,Native,Unknown,Forb,independent
Sonoran SE,Patagonia,"ARPU many individuals, BAMU 1 individual, PLMU (2) 1 individual, ACHY (2) 1 individual",Yes,3,PLMU3,Pleuraphis mutica,Native,Perennial,Grass,independent
Sonoran SE,Patagonia,"ARPU many individuals, BAMU 1 individual, PLMU (2) 1 individual, ACHY (2) 1 individual",Yes,4,ACHY,Achnatherum hymenoides,Native,Perennial,Grass,independent
Sonoran SE,Patagonia,ARPU many small tufts and some with seed,No,0,ARPU9,Aristida purpurea,Native,Perennial,Grass,independent
Sonoran SE,Patagonia,ARPU multiple individuals,No,0,ARPU9,Aristida purpurea,Native,Perennial,Grass,independent
Sonoran SE,Patagonia,ARPU numerous individuals,No,0,ARPU9,Aristida purpurea,Native,Perennial,Grass,independent
Sonoran SE,Patagonia,ARPU small tufts and a tall individual,No,0,ARPU9,Aristida purpurea,Native,Perennial,Grass,independent
Sonoran Central,SCC,ARPUP6,No,0,ARPU9,Aristida purpurea,Native,Perennial,Grass,independent
Sonoran Central,Pleasant,ARPUP6,No,0,ARPU9,Aristida purpurea,Native,Perennial,Grass,independent
Colorado Plateau,BarTBar,ARSPP,No,0,ARSPP,Aristida spp.,Native,Unknown,Grass,independent
Chihuahuan,Creosote,ASTRAG,No,0,ASTRAG,Astragalus spp.,Unknown,Unknown,Forb,dependent
Chihuahuan,Mesquite,ASTRAG,No,0,ASTRAG,Astragalus spp.,Unknown,Unknown,Forb,dependent
Colorado Plateau,BarTBar,ATSP,No,0,ATSP,Atriplex spp.,Native/Unknown,Perennial,Shrub,dependent
Colorado Plateau,FlyingM,ATSP,No,0,ATSP,Atriplex spp.,Native/Unknown,Perennial,Shrub,dependent
Colorado Plateau,TLE,ATSP,No,0,ATSP,Atriplex spp.,Native/Unknown,Perennial,Shrub,dependent
Colorado Plateau,FlyingM,ATSPP,No,0,ATSPP,Atriplex spp.,Native/Unknown,Perennial,Shrub,dependent
Colorado Plateau,FlyingM,AmaranthusSpp,No,0,AmaranthusSpp,Amaranthus spp.,Unknown,Unknown,Forb,dependent
Colorado Plateau,Patagonia,At least 10 ARPUs throughout small to large in size,No,0,ARPU9,Aristida purpurea,Native,Perennial,Grass,independent
Sonoran SE,SRER,BOCUs up to this point could also possibly be slender grama BORE or purple BORA,No,0,BOCU/BORE/BORA,Bouteloua curtipendula/repens/radicosa (spp.),Native,Perennial,Grass,dependent
Chihuahuan,Creosote,BOER,No,0,BOER4,Bouteloua eriopoda,Native,Perennial,Grass,independent
Sonoran SE,Patagonia,BOER (2 certainty) on edge of the southwest pit,No,0,BOER4,Bouteloua eriopoda,Native,Perennial,Grass,independent
Sonoran SE,Patagonia,BOER in center/near southwest conmod possibly 5-8,No,0,BOER4,Bouteloua eriopoda,Native,Perennial,Grass,independent
Colorado Plateau,BabbittPJ,BOSPP,No,0,BOSPP,Bouteloua spp.,Native,Unknown,Grass,dependent
Colorado Plateau,BarTBar,BOSPP,No,0,BOSPP,Bouteloua spp.,Native,Unknown,Grass,dependent
Colorado Plateau,FlyingM,BOSPP,No,0,BOSPP,Bouteloua spp.,Native,Unknown,Grass,dependent
Colorado Plateau,MOWE,BOSPP,No,0,BOSPP,Bouteloua spp.,Native,Unknown,Grass,dependent
Colorado Plateau,PEFO,BOSPP,No,0,BOSPP,Bouteloua spp.,Native,Unknown,Grass,dependent
Colorado Plateau,Spiderweb,BOSPP,No,0,BOSPP,Bouteloua spp.,Native,Unknown,Grass,dependent
Colorado Plateau,Spiderweb,BOUBAR,No,0,BOBAB3,Bouteloua barbata v. barbata,Native,Annual,Grass,independent
Sonoran SE,SRER,BOUSPP,No,0,BOUSPP,Bouteloua spp.,Native,Unknown,Grass,dependent
Sonoran SE,SRER,BOsp. a lot of possibly BOCU but could also be BORE or BORA,No,0,BOCU/BORE/BORA,Bouteloua curtipendula/repens/radicosa (spp.),Native,Perennial,Grass,dependent
Sonoran SE,Patagonia,Blue grama BOGR in the S half of the plot don't confuse with black grama BOER,No,0,BOGR2,Bouteloua gracilis,Native,Perennial,Grass,independent
Sonoran SE,Patagonia,Bouteloua on W edge but almost positive it's BOGR (blue gramma) not BOER (black gramma),No,0,BOGR2,Bouteloua gracilis,Native,Perennial,Grass,independent
Chihuahuan,Creosote,CHAMA,No,0,CHAMA,Chamaesyce spp.,Native,Unknown,Forb,dependent
Chihuahuan,Mesquite,CHAMA,No,0,CHAMA,Chamaesyce spp.,Native,Unknown,Forb,dependent
Mojave,29_Palms,CHASPP,No,0,CHASPP,Chamaesyce spp.,Native,Unknown,Forb,dependent
Colorado Plateau,BabbittPJ,CHEN,No,0,CHEN,Unknown chenopod,Native/Unknown,Unknown,Forb,dependent
Colorado Plateau,PEFO,CHEN,No,0,CHEN,Unknown chenopod,Native/Unknown,Unknown,Forb,dependent
Colorado Plateau,MOWE,CHEN,No,0,CHEN,Unknown chenopod,Native/Unknown,Unknown,Forb,dependent
Colorado Plateau,Spiderweb,CLESP,No,0,CLESP,Unknown chenopod,Native/Unknown,Unknown,Forb,dependent
Mojave,AVRCD,CRSE1,No,0,CRSE1,Croton or Cryptantha spp. (?),Native/Unknown,Unknown,Forb,dependent
Sonoran Central,Roosevelt,CRYPT,No,0,CRYPT,Cryptantha spp.,Native,Unknown,Forb,dependent
Sonoran Central,Preserve,CRYPT,No,0,CRYPT,Cryptantha spp.,Native,Unknown,Forb,dependent
Colorado Plateau,BarTBar,CRYSPP,No,0,CRYSPP,Cryptantha spp.,Native,Unknown,Forb,dependent
Colorado Plateau,PEFO,CRYSPP,No,0,CRYSPP,Cryptantha spp.,Native,Unknown,Forb,dependent
Mojave,29_Palms,CRYSPP,No,0,CRYSPP,Cryptantha spp.,Native,Unknown,Forb,dependent
Mojave,AVRCD,CRYSPP,No,0,CRYSPP,Cryptantha spp.,Native,Unknown,Forb,dependent
Sonoran SE,Patagonia,Couple big ARPUs and a few small ones throughout,No,0,ARPU9,Aristida purpurea,Native,Perennial,Grass,independent
Sonoran SE,SRER,Couple extra large BOCUs,No,0,BOCU,Bouteloua curtipendula,Native,Perennial,Grass,independent
Sonoran SE,SRER,Couple medium sized ARPUs (not completely sure 2/3 on certainty of ID) and a large BOCU right next to the NW plot marker rooted just outside of the plot but some overhangs into the plot,Yes,1,ARPU9,Aristida purpurea,Native,Perennial,Grass,independent
Sonoran SE,SRER,Couple medium sized ARPUs (not completely sure 2/3 on certainty of ID) and a large BOCU right next to the NW plot marker rooted just outside of the plot but some overhangs into the plot,Yes,2,BOCU,Bouteloua curtipendula,Native,Perennial,Grass,independent
Sonoran SE,Patagonia,Couple small to medium ARPUs throughout and a couple small SECOs in N half of the plot typically hidden under/using ERCU as a shade plant,Yes,1,ARPU9,Aristida purpurea,Native,Perennial,Grass,independent
Sonoran SE,Patagonia,Couple small to medium ARPUs throughout and a couple small SECOs in N half of the plot typically hidden under/using ERCU as a shade plant,Yes,2,SECO10,Senna covesii,Native,Perennial,Forb,independent
Sonoran SE,Patagonia,Couple small to medium ARPUs throughout and a couple small SECOs in N half of the plot typically hidden under/using ERCU as a shade plant,Yes,3,ERCU2,Eragrostis curvula,Introduced,Perennial,Grass,independent
Colorado Plateau,Spiderweb,DASPUL,No,0,DASPUL,Unknown DASPUL,Unknown,Unknown,Unknown,dependent
Utah,UtahPJ,Dormant shrubs,No,0,SHRUBdor,Dormant shrubs,Unknown,Perennial,Shrub,dependent
Colorado Plateau,BabbittPJ,ELEL5 (seeded),No,0,ELEL6,Elymus elymoides,Native,Perennial,Grass,independent
Colorado Plateau,BabbittPJ,ELEL5 (unseeded),No,0,ELEL7,Elymus elymoides,Native,Perennial,Grass,independent
Colorado Plateau,BabbittPJ,ELSP,No,0,ELSP,Elymus spp.,Native/Unknown,Unknown,Grass,dependent
Colorado Plateau,BabbittPJ,ELSP (seeded),No,0,ELSPse,seeded Elymus spp.,Native,Unknown,Grass,dependent
Colorado Plateau,AguaFria,ELSPP,No,0,ELSPP,Elymus spp.,Native/Unknown,Unknown,Grass,dependent
Colorado Plateau,BabbittPJ,ELSPP,No,0,ELSPP,Elymus spp.,Native/Unknown,Unknown,Grass,dependent
Colorado Plateau,FlyingM,ELSPP,No,0,ELSPP,Elymus spp.,Native/Unknown,Unknown,Grass,dependent
Colorado Plateau,PEFO,ELSPP,No,0,ELSPP,Elymus spp.,Native/Unknown,Unknown,Grass,dependent
Colorado Plateau,BabbittPJ,ELTR7 (seeded),No,0,ELTR7,Elymus trachycaulus,Native,Perennial,Grass,independent
Colorado Plateau,BabbittPJ,ELWA,No,0,ELWA2,Elymus wawawaiensis,Native,Perennial,Grass,independent
Colorado Plateau,BabbittPJ,ELWA2 (seeded),No,0,ELWA2,Elymus wawawaiensis,Native,Perennial,Grass,independent
Utah,UtahPJ,ERIGSPP,No,0,ERIGSPP,Unknown ERIG (?),Unknown,Unknown,Unknown,dependent
Colorado Plateau,PEFO,ERISP,No,0,ERISP,Eriogonum spp.,Native,Unknown,Forb,dependent
Colorado Plateau,BarTBar,ERISP,No,0,ERISP,Eriogonum spp.,Native,Unknown,Forb,dependent
Colorado Plateau,BarTBar,ERISPP,No,0,ERISPP,Eriogonum spp.,Native,Unknown,Forb,dependent
Sonoran Central,Preserve,EUPO3,No,0,CHPO12,Chamaesyce polycarpa,Native,Unknown,Forb,independent
Mojave,AVRCD,EUPSPP,No,0,EUPSPP,Euphorbia spp.,Unknown,Unknown,Forb,dependent
Chihuahuan,Creosote,Eriogonum,No,0,Eriogonum,Eriogonum spp.,Native,Unknown,Forb,dependent
Sonoran SE,SRER,Extra large BOCU,No,0,BOCU,Bouteloua curtipendula,Native,Perennial,Grass,independent
Sonoran SE,SRER,Extra large BOER in S half and medium sized one next to NE plot  corner that partially hangs in and at least 2 small ones within the plot as well,No,0,BOER4,Bouteloua eriopoda,Native,Perennial,Grass,independent
Sonoran SE,SRER,Extra large to medium large BOCUs throughout and at least 2 tiny SECO near/in SE pit and NE/subplot pit,Yes,1,BOCU,Bouteloua curtipendula,Native,Perennial,Grass,independent
Sonoran SE,SRER,Extra large to medium large BOCUs throughout and at least 2 tiny SECO near/in SE pit and NE/subplot pit,Yes,2,SECO10,Senna covesii,Native,Perennial,Forb,independent
Mojave,29_Palms,GILSPP,No,0,GILSPP,Unknown GIL (?),Unknown,Unknown,Unknown,dependent
Colorado Plateau,BabbittPJ,HCI,No,0,HCI,Unknown HCI (?),Unknown,Unknown,Unknown,dependent
Sonoran SE,SRER,HEMU,No,0,HEMU3,Heliomeris multiflora,Native,Perennial,Forb,independent
Colorado Plateau,BabbittPJ,HESP,No,0,HESP,Heliomeris spp.,Native,Unknown,Forb,dependent
Colorado Plateau,FlyingM,HESP,No,0,HESP,Heliomeris spp.,Native,Unknown,Forb,dependent
Colorado Plateau,PEFO,HOIN,No,0,HOIN2,Hordeum intercedens,Native,Annual,Grass,independent
Colorado Plateau,MOWE,HYVE,No,0,HYVE,Hybanthus verticillatus,Native,Perennial,Forb,independent
Mojave,29_Palms,LEPSPP,No,0,LEPSPP,Lepidium spp.,Native/Unknown,Unknown,Forb,dependent
Colorado Plateau,AguaFria,LUSPP,No,0,LUSPP,Lupinus spp.,Unknown,Unknown,Forb,dependent
Colorado Plateau,PEFO,LUSPP,No,0,LUSPP,Lupinus spp.,Unknown,Unknown,Forb,dependent
Sonoran SE,SRER,Large and medium BOCUs in plot,No,0,BOCU,Bouteloua curtipendula,Native,Perennial,Grass,independent
Sonoran SE,Patagonia,Large BOCU in the southeast with a few small ones throughout and about 5 ARPUs small to large in size that're mostly near the conmods,Yes,1,BOCU,Bouteloua curtipendula,Native,Perennial,Grass,independent
Sonoran SE,Patagonia,Large BOCU in the southeast with a few small ones throughout and about 5 ARPUs small to large in size that're mostly near the conmods,Yes,2,ARPUspp,Aristida spp.,Native,Unknown,Grass,dependent
Chihuahuan,Creosote,Lesquerella sp.,No,0,LESSPP,Lesquerella spp.,Native,Unknown,Forb,dependent
Utah,CRC,"Lots of unknown grasses, potentially S-PASM",No,0,UNKGR,"Lots of unknown grasses, potentially S-PASM",Unknown,Unknown,Grass,dependent
Colorado Plateau,TLE,MACSPP,No,0,MACSPP,Machaeranthera spp.,Native,Unknown,Forb,dependent
Sonoran SE,Patagonia,MATA is the SW corner,No,0,MATA2,Machaeranthera tanacetifolia,Native,Annual,Forb,independent
Sonoran SE,Patagonia,MATA seedling in southwest section,No,0,MATA2,Machaeranthera tanacetifolia,Native,Annual,Forb,independent
Mojave,29_Palms,MENSPP,No,0,MENSPP,Mentzelia spp.,Native,Unknown,Forb,dependent
Sonoran SE,SRER,Medium BOCU mostly rooted outside of the SW side of the plot butr partially in with some overhang,No,0,BOCU,Bouteloua curtipendula,Native,Perennial,Grass,independent
Sonoran SE,Patagonia,"Medium SECO in/near NW pit with a couple tiny seedlings scattered throughout, medium BAMU in the middle, a few small to medium/large ARPUs sprinkled throughout, possibly a small ACHY in SE section (wirey leaf blades that clasp the stem, hairs at the node, only one seed head but similar to examples)",Yes,1,SECO10,Senna covesii,Native,Perennial,Forb,independent
Sonoran SE,Patagonia,"Medium SECO in/near NW pit with a couple tiny seedlings scattered throughout, medium BAMU in the middle, a few small to medium/large ARPUs sprinkled throughout, possibly a small ACHY in SE section (wirey leaf blades that clasp the stem, hairs at the node, only one seed head but similar to examples)",Yes,2,BAMU,Baileya multiradiata,Native,Unknown,Forb,independent
Sonoran SE,Patagonia,"Medium SECO in/near NW pit with a couple tiny seedlings scattered throughout, medium BAMU in the middle, a few small to medium/large ARPUs sprinkled throughout, possibly a small ACHY in SE section (wirey leaf blades that clasp the stem, hairs at the node, only one seed head but similar to examples)",Yes,3,ARPU9,Aristida purpurea,Native,Perennial,Grass,independent
Sonoran SE,Patagonia,"Medium SECO in/near NW pit with a couple tiny seedlings scattered throughout, medium BAMU in the middle, a few small to medium/large ARPUs sprinkled throughout, possibly a small ACHY in SE section (wirey leaf blades that clasp the stem, hairs at the node, only one seed head but similar to examples)",Yes,4,ACHY,Achnatherum hymenoides,Native,Perennial,Grass,independent
Sonoran SE,SRER,Medium sized BOCU and ARPU,Yes,1,BOCU,Bouteloua curtipendula,Native,Perennial,Grass,independent
Sonoran SE,SRER,Medium sized BOCU and ARPU,Yes,2,ARPU9,Aristida purpurea,Native,Perennial,Grass,independent
Sonoran SE,Patagonia,Medium to large ARPUs throughout and a couple small and medium BOCUs near the N conmods and a few teeny tiny SECOs near conmods as well,Yes,1,ARPU9,Aristida purpurea,Native,Perennial,Grass,independent
Sonoran SE,Patagonia,Medium to large ARPUs throughout and a couple small and medium BOCUs near the N conmods and a few teeny tiny SECOs near conmods as well,Yes,2,BOCU,Bouteloua curtipendula,Native,Perennial,Grass,independent
Sonoran SE,Patagonia,Medium to large ARPUs throughout and a couple small and medium BOCUs near the N conmods and a few teeny tiny SECOs near conmods as well,Yes,3,SECO10,Senna covesii,Native,Perennial,Forb,independent
Sonoran SE,Patagonia,Might possibly be a small POSE,No,0,POSE,Poa secunda,Native,Perennial,Grass,independent
Sonoran SE,Patagonia,More Blue grama Don't confuse with Black,No,0,BOGR2,Bouteloua gracilis,Native,Perennial,Grass,independent
Sonoran SE,SRER,More of what we called BOCU in last plot,No,0,BOCU,Bouteloua curtipendula,Native,Perennial,Grass,independent
Sonoran SE,Patagonia,"Multiple ARPUs small to large sized throughout, possible ACHY in the SE pit, and a couple teeny tiny SECOs in/around some of the pits",Yes,1,ARPU9,Aristida purpurea,Native,Perennial,Grass,independent
Sonoran SE,Patagonia,"Multiple ARPUs small to large sized throughout, possible ACHY in the SE pit, and a couple teeny tiny SECOs in/around some of the pits",Yes,2,ACHY,Achnatherum hymenoides,Native,Perennial,Grass,independent
Sonoran SE,Patagonia,"Multiple ARPUs small to large sized throughout, possible ACHY in the SE pit, and a couple teeny tiny SECOs in/around some of the pits",Yes,3,SECO10,Senna covesii,Native,Perennial,Forb,independent
Sonoran SE,SRER,Multiple BOCU's medium-large and a possible medium sized ARPU,Yes,1,BOCU,Bouteloua curtipendula,Native,Perennial,Grass,independent
Sonoran SE,SRER,Multiple BOCU's medium-large and a possible medium sized ARPU,Yes,2,ARPU9,Aristida purpurea,Native,Perennial,Grass,independent
Sonoran SE,SRER,Multiple med to extra large BOCUs and a few small to large ARPUs,Yes,1,BOCU,Bouteloua curtipendula,Native,Perennial,Grass,independent
Sonoran SE,SRER,Multiple med to extra large BOCUs and a few small to large ARPUs,Yes,2,ARPU9,Aristida purpurea,Native,Perennial,Grass,independent
Sonoran SE,Patagonia,Multiple medium to extra large ARPUs and large BAMU along the N edge of the plot along with possible tiny seedlings in same pits,Yes,1,ARPU9,Aristida purpurea,Native,Perennial,Grass,independent
Sonoran SE,Patagonia,Multiple medium to extra large ARPUs and large BAMU along the N edge of the plot along with possible tiny seedlings in same pits,Yes,2,BOCU,Bouteloua curtipendula,Native,Perennial,Grass,independent
Sonoran SE,Patagonia,Multiple medium to large ARPU and small/medium BOCU near the NE corner and a couple tiny SECOs,Yes,1,ARPU9,Aristida purpurea,Native,Perennial,Grass,independent
Sonoran SE,Patagonia,Multiple medium to large ARPU and small/medium BOCU near the NE corner and a couple tiny SECOs,Yes,2,BOCU,Bouteloua curtipendula,Native,Perennial,Grass,independent
Sonoran SE,Patagonia,Multiple medium to large ARPU and small/medium BOCU near the NE corner and a couple tiny SECOs,Yes,3,SECO10,Senna covesii,Native,Perennial,Forb,independent
Sonoran SE,Patagonia,Multiple small to large ARPUs throughout along with a large BAMU in center and a medium sized BOCU in the NW section,Yes,1,ARPU9,Aristida purpurea,Native,Perennial,Grass,independent
Sonoran SE,Patagonia,Multiple small to large ARPUs throughout along with a large BAMU in center and a medium sized BOCU in the NW section,Yes,2,BOCU,Bouteloua curtipendula,Native,Perennial,Grass,independent
Sonoran SE,Patagonia,Multiple small to medium ARPUs and BOCUs along with a possible PLMU (rough feeling leaves and similar seeds) with a couple small/medium BAMU that are in or near the N half of the pits and a couple small SECO seedlings sprinkled throughout,Yes,1,ARPU9,Aristida purpurea,Native,Perennial,Grass,independent
Sonoran SE,Patagonia,Multiple small to medium ARPUs and BOCUs along with a possible PLMU (rough feeling leaves and similar seeds) with a couple small/medium BAMU that are in or near the N half of the pits and a couple small SECO seedlings sprinkled throughout,Yes,2,BOCU,Bouteloua curtipendula,Native,Perennial,Grass,independent
Sonoran SE,Patagonia,Multiple small to medium ARPUs and BOCUs along with a possible PLMU (rough feeling leaves and similar seeds) with a couple small/medium BAMU that are in or near the N half of the pits and a couple small SECO seedlings sprinkled throughout,Yes,3,PLMU3,Pleuraphis mutica,Native,Perennial,Grass,independent
Sonoran SE,Patagonia,Multiple small to medium ARPUs and BOCUs along with a possible PLMU (rough feeling leaves and similar seeds) with a couple small/medium BAMU that are in or near the N half of the pits and a couple small SECO seedlings sprinkled throughout,Yes,4,BAMU,Baileya multiradiata,Native,Unknown,Forb,independent
Sonoran SE,Patagonia,Multiple small to medium ARPUs and BOCUs along with a possible PLMU (rough feeling leaves and similar seeds) with a couple small/medium BAMU that are in or near the N half of the pits and a couple small SECO seedlings sprinkled throughout,Yes,5,SECO10,Senna covesii,Native,Perennial,Forb,independent
Sonoran SE,Patagonia,none seeded,No,0,0,0,0,0,0,independent
Sonoran SE,Patagonia,None seeded,No,0,0,0,0,0,0,independent
Sonoran SE,Patagonia,Not in the Med mix but there are a couple young SECOs,No,0,SECO10,Senna covesii,Native,Perennial,Forb,independent
Utah,CRC,Not recorded,No,0,0,0,0,0,0,independent
Utah,UtahPJ,Not recorded,No,0,0,0,0,0,0,independent
Utah,Salt_Desert,Not recorded,No,0,0,0,0,0,0,independent
Colorado Plateau,BabbittPJ,PASM (maybe),No,0,PASM,Pascopyrum smithii,Native,Perennial,Grass,independent
Mojave,29_Palms,PECSPP,No,0,PECSPP,Pectocarya spp.,Native,Unknown,Forb,dependent
Sonoran SE,SRER,PEPA (possibly),No,0,PEPAspp,Unknown PEPA,Unknown,Unknown,Unknown,dependent
Colorado Plateau,BabbittPJ,PHSPP,No,0,PHSPP,Phacelia spp.,Native,Unknown,Forb,dependent
Colorado Plateau,BarTBar,PORSPP,No,0,PORSPP,Portulaca spp.,Native,Unknown,Forb,dependent
Colorado Plateau,PEFO,PORSPP,No,0,PORSPP,Portulaca spp.,Native,Unknown,Forb,dependent
Sonoran SE,Patagonia,Possible ACHY near southwest corner (2 certainty) and about 10 ARPU small to medium in size with 2 of them next to the subplot but not quite in,Yes,1,ACHY,Achnatherum hymenoides,Native,Perennial,Grass,independent
Sonoran SE,Patagonia,Possible ACHY near southwest corner (2 certainty) and about 10 ARPU small to medium in size with 2 of them next to the subplot but not quite in,Yes,2,ARPU9,Aristida purpurea,Native,Perennial,Grass,independent
Sonoran SE,SRER,"Possible ARPUs, SECO seedling in subplot",Yes,1,ARPU9,Aristida purpurea,Native,Perennial,Grass,independent
Sonoran SE,SRER,"Possible ARPUs, SECO seedling in subplot",Yes,2,SECO10,Senna covesii,Native,Perennial,Forb,independent
Sonoran SE,SRER,Possible BOCUs but not in this mix,No,0,BOCU,Bouteloua curtipendula,Native,Perennial,Grass,independent
Sonoran SE,SRER,Possible Boutelouas not sure if BOER because they've been grazed down,No,0,BOspp,Bouteloua spp.,Native,Unknown,Grass,dependent
Sonoran SE,Patagonia,"Possible couple small ASTUs along with multiple medium to extra large ARPUs, possibly a few BAMU seedlings as well as a couple tiny to small SECOs throughout",Yes,1,ASTU,Asclepias tuberosa,Native,Perennial,Forb,independent
Sonoran SE,Patagonia,"Possible couple small ASTUs along with multiple medium to extra large ARPUs, possibly a few BAMU seedlings as well as a couple tiny to small SECOs throughout",Yes,2,ARPU9,Aristida purpurea,Native,Perennial,Grass,independent
Sonoran SE,Patagonia,"Possible couple small ASTUs along with multiple medium to extra large ARPUs, possibly a few BAMU seedlings as well as a couple tiny to small SECOs throughout",Yes,3,BAMU,Baileya multiradiata,Native,Unknown,Forb,independent
Sonoran SE,Patagonia,"Possible couple small ASTUs along with multiple medium to extra large ARPUs, possibly a few BAMU seedlings as well as a couple tiny to small SECOs throughout",Yes,4,SECO10,Senna covesii,Native,Perennial,Forb,independent
Sonoran SE,SRER,Possible Poa secunda POSE just outside of NE plot corner but not in/overhanging yet due to small size,No,0,0,0,0,0,0,independent
Utah,CRC,Possible S-PASM seedlings,No,0,PASM,Pascopyrum smithii,Native,Perennial,Grass,independent
Sonoran SE,Patagonia,"Possible SPCR in subplot, Blue not Black grama",Yes,1,SPCR,Sporobolus cryptandrus,Native,Perennial,Grass,independent
Sonoran SE,Patagonia,"Possible SPCR in subplot, Blue not Black grama",Yes,2,BOGR2,Bouteloua gracilis,Native,Perennial,Grass,independent
Sonoran SE,SRER,Possible young BOCU and ARPU but no seed heads yet therfor unsure ifit is than seeded species cover is 1% but if not it's trace amount because of a few SECOs all found in or near pits,Yes,1,ARPU9,Aristida purpurea,Native,Perennial,Grass,independent
Sonoran SE,SRER,Possible young BOCU and ARPU but no seed heads yet therfor unsure ifit is than seeded species cover is 1% but if not it's trace amount because of a few SECOs all found in or near pits,Yes,2,BOCU,Bouteloua curtipendula,Native,Perennial,Grass,independent
Sonoran SE,SRER,Possible young BOCU and ARPU but no seed heads yet therfor unsure ifit is than seeded species cover is 1% but if not it's trace amount because of a few SECOs all found in or near pits,Yes,3,SECO10,Senna covesii,Native,Perennial,Forb,independent
Sonoran SE,SRER,Possibly 2 BOCUs (2 certainty) but very little green left to help identify,No,0,BOCU,Bouteloua curtipendula,Native,Perennial,Grass,independent
Sonoran SE,SRER,Possibly 3 small BOER (1 certainty) or other BOsp.,No,0,BOspp,Bouteloua spp.,Native,Unknown,Grass,dependent
Sonoran SE,SRER,Possibly a BOCU but has been grazed down completely and hard to confirm,No,0,BOCU,Bouteloua curtipendula,Native,Perennial,Grass,independent
Sonoran SE,Patagonia,Possibly a BOER if not than other BOsp. possibly BOGR,No,0,BOspp,Bouteloua spp.,Native,Unknown,Grass,dependent
Sonoran SE,Patagonia,Possibly a small SPCR in the S half,No,0,SPCR,Sporobolus cryptandrus,Native,Perennial,Grass,independent
Sonoran SE,SRER,Possibly a young ASTU if not seeded species cover is 0%,No,0,ASTU,Asclepias tuberosa,Native,Perennial,Forb,independent
Sonoran SE,Patagonia,"Possibly small POSE and SPCR in the S half of the plot, BLUE grama not BLACK",Yes,1,POSE,Poa secunda,Native,Perennial,Grass,independent
Sonoran SE,Patagonia,"Possibly small POSE and SPCR in the S half of the plot, BLUE grama not BLACK",Yes,2,SPCR,Sporobolus cryptandrus,Native,Perennial,Grass,independent
Sonoran SE,Patagonia,"Possibly small POSE and SPCR in the S half of the plot, BLUE grama not BLACK",Yes,3,BOGR2,Bouteloua gracilis,Native,Perennial,Grass,independent
Sonoran SE,SRER,Potentially 3 or 4 BOCU (1 certainty) and possibly an ARPU (2) or othe ARsp. hard to be certain because all the grasses have been grazed down to nubs,No,1,BOCU,Bouteloua curtipendula,Native,Perennial,Grass,independent
Sonoran SE,SRER,Potentially 3 or 4 BOCU (1 certainty) and possibly an ARPU (2) or othe ARsp. hard to be certain because all the grasses have been grazed down to nubs,No,2,ARPUspp,Aristida spp.,Native,Unknown,Grass,dependent
Sonoran SE,SRER,Probable BOCUs with apparent grazing,No,0,BOCU,Bouteloua curtipendula,Native,Perennial,Grass,independent
Colorado Plateau,BabbittPJ,PSSP6 (maybe),No,0,PSSP6,Pseudoroegneria spicata,Native,Perennial,Grass,independent
Sonoran SE,SRER,Quite a few small tp extra large BOCUs throughout along with a possible ASTU,Yes,1,BOCU,Bouteloua curtipendula,Native,Perennial,Grass,independent
Sonoran SE,SRER,Quite a few small tp extra large BOCUs throughout along with a possible ASTU,Yes,2,ASTU,Asclepias tuberosa,Native,Perennial,Forb,independent
Utah,UtahPJ,Regrowth,No,0,Regrowth,Regrowth of unknown spp.,Unknown,Unknown,Unknown,dependent
Utah,UtahPJ,Regrowth of SPGR,No,0,SPGR2,Sphaeralcea grossulariifolia,Native,Perennial,Forb,independent
Colorado Plateau,FlyingM,SALRE,No,0,SALRE,Unknown SALRE,Unknown,Unknown,Unknown,dependent
Colorado Plateau,FlyingM,SARE,No,0,SARE3,Salvia reflexa,Native,Annual,Forb,independent
Colorado Plateau,BarTBar,SATR,No,0,SATR12,Salsola tragus,Introduced,Annual,Forb,independent
Mojave,29_Palms,SCHSPP,No,0,SCHSPP,Unknown SCH spp.,Unknown,Unknown,Unknown,dependent
Sonoran SE,SRER,Small POSE near SW pit,No,0,POSE,Poa secunda,Native,Perennial,Grass,independent
Sonoran SE,Patagonia,Small to large ARPUs and BOCUs along with a couple small SECOs as well as a possible PLMU in the middle (rough feeling and membranous ligule but no seed heads),Yes,1,ARPU9,Aristida purpurea,Native,Perennial,Grass,independent
Sonoran SE,Patagonia,Small to large ARPUs and BOCUs along with a couple small SECOs as well as a possible PLMU in the middle (rough feeling and membranous ligule but no seed heads),Yes,2,BOCU,Bouteloua curtipendula,Native,Perennial,Grass,independent
Sonoran SE,Patagonia,Small to large ARPUs and BOCUs along with a couple small SECOs as well as a possible PLMU in the middle (rough feeling and membranous ligule but no seed heads),Yes,3,SECO10,Senna covesii,Native,Perennial,Forb,independent
Sonoran SE,Patagonia,Small to large ARPUs and BOCUs along with a couple small SECOs as well as a possible PLMU in the middle (rough feeling and membranous ligule but no seed heads),Yes,4,PLMU3,Pleuraphis mutica,Native,Perennial,Grass,independent
Sonoran SE,Patagonia,Small to large ARPUs throughout along with a tiny baby SECO seedling in SE section,Yes,1,ARPU9,Aristida purpurea,Native,Perennial,Grass,independent
Sonoran SE,Patagonia,Small to large ARPUs throughout along with a tiny baby SECO seedling in SE section,Yes,2,SECO10,Senna covesii,Native,Perennial,Forb,independent
Sonoran SE,Patagonia,Small to large ARPUs throughout and a couple of small SECOs,Yes,1,ARPU9,Aristida purpurea,Native,Perennial,Grass,independent
Sonoran SE,Patagonia,Small to large ARPUs throughout and a couple of small SECOs,Yes,2,SECO10,Senna covesii,Native,Perennial,Forb,independent
Sonoran SE,Patagonia,Small to medium ARPUs throughout and a few tiny to small SECOs mostly near the conmods,Yes,1,ARPU9,Aristida purpurea,Native,Perennial,Grass,independent
Sonoran SE,Patagonia,Small to medium ARPUs throughout and a few tiny to small SECOs mostly near the conmods,Yes,2,SECO10,Senna covesii,Native,Perennial,Forb,independent
Sonoran SE,Patagonia,Small to medium ARPUs throughout and small/medium BAMU near the NE edge,Yes,1,ARPU9,Aristida purpurea,Native,Perennial,Grass,independent
Sonoran SE,Patagonia,Small to medium ARPUs throughout and small/medium BAMU near the NE edge,Yes,2,BAMU,Baileya multiradiata,Native,Unknown,Forb,independent
Sonoran SE,Patagonia,Small to medium/large ARPUs throughout especially in the S half of the plot,No,0,ARPU9,Aristida purpurea,Native,Perennial,Grass,independent
Sonoran SE,Patagonia,Small/medium to large ARPUs and small to large BOCU throughout,Yes,1,ARPU9,Aristida purpurea,Native,Perennial,Grass,independent
Sonoran SE,Patagonia,Small/medium to large ARPUs and small to large BOCU throughout,Yes,2,BOCU,Bouteloua curtipendula,Native,Perennial,Grass,independent
Sonoran SE,SRER,Some possible ARPUs (2 certainty) or ARsp. (ARTE). Mostly dried still or grazed down.,No,0,ARPUspp,Aristida spp.,Native,Unknown,Grass,dependent
Sonoran SE,SRER,Some type of Aristida possibly and ARPU and maybe 1 small maybe BOCU near subplot that's been grazed down,Yes,1,ARPU9,Aristida purpurea,Native,Perennial,Grass,independent
Sonoran SE,SRER,Some type of Aristida possibly and ARPU and maybe 1 small maybe BOCU near subplot that's been grazed down,Yes,2,ARPUspp,Aristida spp.,Native,Unknown,Grass,dependent
Sonoran SE,SRER,Some type of Aristida possibly and ARPU and maybe 1 small maybe BOCU near subplot that's been grazed down,Yes,3,BOspp,Bouteloua spp.,Native,Unknown,Grass,dependent
Sonoran SE,Patagonia,Southwest pit has 1 BAMU and 4 small ARPUs. Northwest pit has 2 medium and 2 small ARPUs and 1 dreid up SECO. There are a few more small to medium sized ARPUs throughout,Yes,1,BAMU,Baileya multiradiata,Native,Unknown,Forb,independent
Sonoran SE,Patagonia,Southwest pit has 1 BAMU and 4 small ARPUs. Northwest pit has 2 medium and 2 small ARPUs and 1 dreid up SECO. There are a few more small to medium sized ARPUs throughout,Yes,2,ARPU9,Aristida purpurea,Native,Perennial,Grass,independent
Sonoran SE,Patagonia,Southwest pit has 1 BAMU and 4 small ARPUs. Northwest pit has 2 medium and 2 small ARPUs and 1 dreid up SECO. There are a few more small to medium sized ARPUs throughout,Yes,3,SECO10,Senna covesii,Native,Perennial,Forb,independent
Sonoran Central,Preserve,SPAMA,No,0,SPAM2,Sphaeralcea ambigua,Native,Perennial,Forb,independent
Sonoran Central,Roosevelt,SPAMA,No,0,SPAM3,Sphaeralcea ambigua,Native,Perennial,Forb,independent
Sonoran Central,Pleasant,SPAMA,No,0,SPAM4,Sphaeralcea ambigua,Native,Perennial,Forb,independent
Sonoran Central,SCC,SPAMA,No,0,SPAM5,Sphaeralcea ambigua,Native,Perennial,Forb,independent
Colorado Plateau,Spiderweb,Sporobolus,No,0,SPOspp,Sporobolus spp.,Unknown,Unknown,Grass,dependent
Colorado Plateau,BabbittPJ,SPSP,No,0,SPSP,Sphaeralcea spp.,Native/Unknown,Unknown,Forb,dependent
Colorado Plateau,BarTBar,SPSP,No,0,SPSP,Sphaeralcea spp.,Native/Unknown,Unknown,Forb,dependent
Colorado Plateau,FlyingM,SPSP,No,0,SPSP,Sphaeralcea spp.,Native/Unknown,Unknown,Forb,dependent
Colorado Plateau,PEFO,SPSP,No,0,SPSP,Sphaeralcea spp.,Native/Unknown,Unknown,Forb,dependent
Colorado Plateau,TLE,SPSP,No,0,SPSP,Sphaeralcea spp.,Native/Unknown,Unknown,Forb,dependent
Mojave,29_Palms,STISPP,No,0,STISPP,Stipa spp.,Native,Unknown,Grass,dependent
Colorado Plateau,Spiderweb,SUNFO,No,0,SUNFO,Seeded unknown forb,Native,Unknown,Forb,dependent
Colorado Plateau,PEFO,SUNGR,No,0,SUNGR,Seeded unknown grass,Native,Unknown,Grass,dependent
Colorado Plateau,Spiderweb,SUNGR,No,0,SUNGR,Seeded unknown grass,Native,Unknown,Grass,dependent
Colorado Plateau,TLE,SUNGR,No,0,SUNGR,Seeded unknown grass,Native,Unknown,Grass,dependent
Colorado Plateau,BabbittPJ,SUNGR,No,0,SUNGR,Seeded unknown grass,Native,Unknown,Grass,dependent
Colorado Plateau,MOWE,SUNGR,No,0,SUNGR,Seeded unknown grass,Native,Unknown,Grass,dependent
Colorado Plateau,PEFO,SUNGR1,No,0,SUNGR1,Seeded unknown grass 1,Native,Unknown,Grass,dependent
Sonoran SE,Patagonia,SW conmod is overgrown with Blue grama but NO black grama but thee's a possible young PEPA by the NW conmod,Yes,1,BOGR2,Bouteloua gracilis,Native,Perennial,Grass,independent
Sonoran SE,Patagonia,SW conmod is overgrown with Blue grama but NO black grama but thee's a possible young PEPA by the NW conmod,Yes,2,PEPAspp,Unknown PEPA,Unknown,Unknown,Unknown,dependent
Colorado Plateau,BabbittPJ,UNAM,No,0,UNAM,Unknown UNAM,Unknown,Unknown,Unknown,dependent
Sonoran SE,SRER,UNDPF,No,0,UNDPF,Unknown DPF,Unknown,Unknown,Unknown,dependent
Colorado Plateau,Spiderweb,UNFO,No,0,UNFO,Unknown forb,Unknown,Unknown,Forb,dependent
Colorado Plateau,FlyingM,UNFO1,No,0,UNFO1,Unknown forb 1,Unknown,Unknown,Forb,dependent
Colorado Plateau,MOWE,UNFO1,No,0,UNFO1,Unknown forb 1,Unknown,Unknown,Forb,dependent
Colorado Plateau,PEFO,UNFO1,No,0,UNFO1,Unknown forb 1,Unknown,Unknown,Forb,dependent
Colorado Plateau,TLE,UNFO1,No,0,UNFO1,Unknown forb 1,Unknown,Unknown,Forb,dependent
Colorado Plateau,BarTBar,UNFO12,No,0,UNFO12,Unknown forb 12,Unknown,Unknown,Forb,dependent
Colorado Plateau,BarTBar,UNFO13,No,0,UNFO13,Unknown forb 13,Unknown,Unknown,Forb,dependent
Colorado Plateau,FlyingM,UNFO13,No,0,UNFO13,Unknown forb 13,Unknown,Unknown,Forb,dependent
Colorado Plateau,BarTBar,UNFO15,No,0,UNFO15,Unknown forb 15,Unknown,Unknown,Forb,dependent
Colorado Plateau,BarTBar,UNFO18,No,0,UNFO18,Unknown forb 18,Unknown,Unknown,Forb,dependent
Colorado Plateau,AguaFria,UNFO2,No,0,UNFO2,Unknown forb 2,Unknown,Unknown,Forb,dependent
Colorado Plateau,FlyingM,UNFO2,No,0,UNFO2,Unknown forb 2,Unknown,Unknown,Forb,dependent
Colorado Plateau,PEFO,UNFO2,No,0,UNFO2,Unknown forb 2,Unknown,Unknown,Forb,dependent
Mojave,29_Palms,UNFO2,No,0,UNFO2,Unknown forb 2,Unknown,Unknown,Forb,dependent
Colorado Plateau,FlyingM,UNFO3,No,0,UNFO3,Unknown forb 3,Unknown,Unknown,Forb,dependent
Colorado Plateau,BarTBar,UNFO4,No,0,UNFO4,Unknown forb 4,Unknown,Unknown,Forb,dependent
Colorado Plateau,FlyingM,UNFO4,No,0,UNFO4,Unknown forb 4,Unknown,Unknown,Forb,dependent
Colorado Plateau,FlyingM,UNFO5,No,0,UNFO5,Unknown forb 5,Unknown,Unknown,Forb,dependent
Colorado Plateau,MOWE,UNFO5,No,0,UNFO5,Unknown forb 5,Unknown,Unknown,Forb,dependent
Colorado Plateau,FlyingM,UNFO6,No,0,UNFO6,Unknown forb 6,Unknown,Unknown,Forb,dependent
Colorado Plateau,Spiderweb,UNFO6,No,0,UNFO6,Unknown forb 6,Unknown,Unknown,Forb,dependent
Colorado Plateau,FlyingM,UNFO7,No,0,UNFO7,Unknown forb 7,Unknown,Unknown,Forb,dependent
Colorado Plateau,Spiderweb,UNFO7,No,0,UNFO7,Unknown forb 7,Unknown,Unknown,Forb,dependent
Colorado Plateau,AguaFria,UNFO8,No,0,UNFO8,Unknown forb 8,Unknown,Unknown,Forb,dependent
Colorado Plateau,BarTBar,UNFO8,No,0,UNFO8,Unknown forb 8,Unknown,Unknown,Forb,dependent
Colorado Plateau,Spiderweb,UNFO8,No,0,UNFO8,Unknown forb 8,Unknown,Unknown,Forb,dependent
Colorado Plateau,Spiderweb,UNFO9,No,0,UNFO9,Unknown forb 9,Unknown,Unknown,Forb,dependent
Colorado Plateau,BabbittPJ,UNGR,No,0,UNGR,Unknown grass,Unknown,Unknown,Grass,dependent
Colorado Plateau,BarTBar,UNGR,No,0,UNGR,Unknown grass,Unknown,Unknown,Grass,dependent
Colorado Plateau,FlyingM,UNGR,No,0,UNGR,Unknown grass,Unknown,Unknown,Grass,dependent
Colorado Plateau,MOWE,UNGR,No,0,UNGR,Unknown grass,Unknown,Unknown,Grass,dependent
Colorado Plateau,PEFO,UNGR,No,0,UNGR,Unknown grass,Unknown,Unknown,Grass,dependent
Colorado Plateau,Spiderweb,UNGR,No,0,UNGR,Unknown grass,Unknown,Unknown,Grass,dependent
Colorado Plateau,TLE,UNGR,No,0,UNGR,Unknown grass,Unknown,Unknown,Grass,dependent
Sonoran SE,SRER,UNGR,No,0,UNGR,Unknown grass,Unknown,Unknown,Grass,dependent
Sonoran SE,SRER,UNGR-2 possibly a Bouteloua (BOCU?) Maybe PLJA? (never seen),No,0,UNGR-2 ,Unknown grass 2 possibly a Bouteloua (BOCU?) Maybe PLJA? (never seen),Unknown,Unknown,Grass,dependent
Colorado Plateau,PEFO,UNGR1,No,0,UNGR1,Unknown grass 1,Unknown,Unknown,Grass,dependent
Colorado Plateau,MOWE,UNGR2,No,0,UNGR2,Unknown grass 2,Unknown,Unknown,Grass,dependent
Colorado Plateau,PEFO,UNGR2,No,0,UNGR2,Unknown grass 2,Unknown,Unknown,Grass,dependent
Utah,UtahPJ,UNGR2,No,0,UNGR2,Unknown grass 2,Unknown,Unknown,Grass,dependent
Colorado Plateau,MOWE,UNGR4,No,0,UNGR4,Unknown grass 4,Unknown,Unknown,Grass,dependent
Colorado Plateau,AguaFria,UNGR5,No,0,UNGR5,Unknown grass 5,Unknown,Unknown,Grass,dependent
Colorado Plateau,Spiderweb,UNGR5,No,0,UNGR5,Unknown grass 5,Unknown,Unknown,Grass,dependent
Sonoran Central,Preserve,Unk dark,No,0,Unk dark,Unknown dark,Unknown,Unknown,Forb,dependent
Sonoran Central,Roosevelt,unk forb,No,0,unk forb,Unknown forb,Unknown,Unknown,Forb,dependent
Sonoran Central,Pleasant,Unk forb,No,0,Unk forb,Unknown forb,Unknown,Unknown,Forb,dependent
Sonoran Central,SCC,unk grass,No,0,unk grass,Unknown grass,Unknown,Unknown,Grass,dependent
Sonoran Central,Pleasant,Unk grass,No,0,Unk grass,Unknown grass,Unknown,Unknown,Grass,dependent
Sonoran Central,SCC,Unk grass,No,0,Unk grass,Unknown grass,Unknown,Unknown,Grass,dependent
Chihuahuan,Mesquite,Unk Grass,No,0,Unk Grass,Unknown grass,Unknown,Unknown,Grass,dependent
Sonoran Central,Roosevelt,unk grass 1,No,0,unk grass 1,Unknown grass,Unknown,Unknown,Grass,dependent
Sonoran Central,Roosevelt,Unk grass 1,No,0,Unk grass 1,Unknown grass,Unknown,Unknown,Grass,dependent
Sonoran Central,Preserve,UNK heart,No,0,UNK heart,UNKnown  heart,Unknown,Unknown,Forb,dependent
Sonoran Central,Pleasant,Unk sp.,No,0,Unk sp.,Unknown spp.,Unknown,Unknown,Unknown,dependent
Colorado Plateau,Spiderweb,UNK_AMARANTH,No,0,UNK_AMARANTH,Unknown Amaranth,Unknown,Unknown,Forb,dependent
Colorado Plateau,PEFO,Unkaster,No,0,Unkaster,Unknown aster,Unknown,Unknown,Forb,dependent
Colorado Plateau,BabbittPJ,UnkAster,No,0,UnkAster,Unknown aster,Unknown,Unknown,Forb,dependent
Chihuahuan,Creosote,Unkastr2,No,0,Unkastr2,Unknown aster 2,Unknown,Unknown,Forb,dependent
Chihuahuan,Creosote,Unkfabaceae,No,0,Unkfabaceae,Unknown fabaceae,Unknown,Unknown,Forb,dependent
Chihuahuan,Creosote,Unkforb,No,0,Unkforb,Unknown forb,Unknown,Unknown,Forb,dependent
Chihuahuan,Creosote,Unkforb1,No,0,Unkforb1,Unknown forb1,Unknown,Unknown,Forb,dependent
Chihuahuan,Mesquite,Unkforb1,No,0,Unkforb1,Unknown forb1,Unknown,Unknown,Forb,dependent
Chihuahuan,Creosote,Unkforb3,No,0,Unkforb3,Unknown forb3,Unknown,Unknown,Forb,dependent
Chihuahuan,Mesquite,Unkforbgreen,No,0,Unkforbgreen,Unknown forbgreen,Unknown,Unknown,Forb,dependent
Chihuahuan,Mesquite,Unkforbwavy,No,0,Unkforbwavy,Unknown forbwavy,Unknown,Unknown,Forb,dependent
Chihuahuan,Mesquite,Unkfuzzyaster,No,0,Unkfuzzyaster,Unknown fuzzyaster,Unknown,Unknown,Forb,dependent
Chihuahuan,Creosote,Unkgrass,No,0,Unkgrass,Unknown grass,Unknown,Unknown,Grass,dependent
Chihuahuan,Mesquite,Unkgrass,No,0,Unkgrass,Unknown grass,Unknown,Unknown,Grass,dependent
Chihuahuan,Creosote,Unkgrass1,No,0,Unkgrass1,Unknown grass1,Unknown,Unknown,Grass,dependent
Chihuahuan,Mesquite,Unkhairygrass,No,0,Unkhairygrass,Unknown hairy grass,Unknown,Unknown,Grass,dependent
Chihuahuan,Creosote,Unksalsola,No,0,Unksalsola,Unknown Salsola,Unknown,Unknown,Forb,dependent
Chihuahuan,Creosote,Unksporo,No,0,Unksporo,Unknown Sporobolus,Unknown,Unknown,Grass,dependent
Chihuahuan,Mesquite,Unksporo,No,0,Unksporo,Unknown Sporobolus,Unknown,Unknown,Grass,dependent
Colorado Plateau,BarTBar,UNSH,No,0,UNSH,Unknown shrub,Unknown,Perennial,Shrub,dependent
Sonoran Central,Roosevelt,VEPE2,No,0,VEPE2,Veronica peregrina,Native,Annual,Forb,independent
